,,,,,Games,Games,Pass Coverage,Pass Coverage,Pass Coverage,Pass Coverage,Pass Coverage,Pass Coverage,Pass Coverage,Pass Coverage,Pass Coverage,Pass Coverage,Pass Coverage,Pass Coverage,Pass Rush,Pass Rush,Pass Rush,Pass Rush,Pass Rush,Tackles,Tackles,Tackles
Rk,Player,Tm,Age,Pos,G,GS,Int,Tgt,Cmp,Cmp%,Yds,Yds/Cmp,Yds/Tgt,TD,Rat,DADOT,Air,YAC,Bltz,Hrry,QBKD,Sk,Prss,Comb,MTkl,MTkl%
1,Budda Baker *\BakeBu00,ARI,23,FS,16,16,0,55,40,72.7%,506,12.7,9.2,4,125.3,8.1,298,208,44,3,1,0.5,5,147,11,7.0%
2,Zach Cunningham\CunnZa00,HOU,25,RILB,16,16,0,49,38,77.6%,319,8.4,6.5,2,107.4,3.0,26,293,52,2,0,2.0,5,142,11,7.2%
3,Blake Martinez\MartBl01,GNB,25,IL/LILB,16,16,1,74,62,83.8%,570,9.2,7.7,2,102.1,4.1,231,339,24,2,0,3.0,5,155,18,10.4%
4,Eric Reid\ReidEr00,CAR,28,SS,16,16,0,70,54,77.1%,750,13.9,10.7,8,149.1,8.9,423,327,43,3,1,4.0,8,130,9,6.5%
5,Jordan Hicks\HickJo00,ARI,27,RILB,16,16,3,69,54,78.3%,612,11.3,8.9,3,100.0,5.6,297,315,86,1,4,1.5,7,150,18,10.7%
6,Joe Schobert\SchoJo00,CLE,26,ML/MLB,16,16,4,55,38,69.1%,357,9.4,6.5,3,74.6,7.1,208,149,74,1,2,2.0,5,133,16,10.7%
7,Fred Warner\WarnFr00,SFO,23,MLB,16,16,1,74,49,66.2%,454,9.3,6.1,2,86.2,3.7,158,296,35,3,1,3.0,7,118,17,12.6%
8,Demario Davis +\DaviDe00,NOR,30,LLB,16,16,1,72,49,68.1%,313,6.4,4.3,1,75.8,3.8,125,188,104,6,4,4.0,15,111,5,4.3%
9,Bobby Wagner*+\WagnBo00,SEA,29,MLB,16,16,1,72,58,80.6%,657,11.3,9.1,2,108.2,3.9,229,428,71,1,2,3.0,6,159,10,5.9%
10,Anthony Walker\WalkAn01,IND,24,MLB,16,16,1,61,49,80.3%,369,7.5,6.0,3,101.4,3.6,130,239,31,0,1,2.5,4,124,11,8.1%
11,Jaylon Smith*\SmitJa05,DAL,24,MLB,16,16,1,70,54,77.1%,460,8.5,6.6,3,102.1,4.7,214,246,46,1,0,2.5,4,142,12,7.8%
12,Lavonte David\DaviLa00,TAM,29,RILB,16,16,1,90,57,63.3%,491,8.6,5.5,0,73.0,4.0,260,231,70,4,6,1.0,12,123,10,7.5%
13,Tracy Walker\WalkTr01,DET,24,FS,13,12,1,57,37,64.9%,535,14.5,9.4,5,117.2,12.5,357,178,3,1,0,0.0,1,103,13,11.2%
14,Antoine Bethea\BethAn20,NYG,35,FS,16,16,1,40,29,72.5%,497,17.1,12.4,7,143.4,11.9,329,168,7,0,0,0.0,0,110,11,9.1%
15,Luke Kuechly*\KuecLu00,CAR,28,IL/RILB,16,16,2,68,46,67.6%,395,8.6,5.8,1,75.3,5.9,201,194,25,2,3,0.0,5,144,10,6.5%
16,Shawn Williams\WillSh02,CIN,28,SS,16,15,1,51,40,78.4%,577,14.4,11.3,2,118.7,9.7,384,193,47,2,2,1.0,5,114,20,14.9%
17,Tahir Whitehead\WhitTa00,OAK,29,LLB,16,16,0,66,52,78.8%,688,13.2,10.4,6,140.4,7.2,340,348,25,1,1,0.0,2,108,5,4.4%
18,Landon Collins\CollLa00,WAS,25,SS,15,15,0,67,47,70.1%,467,9.9,7.0,5,114.5,8.1,253,214,27,1,1,1.0,3,117,16,12.0%
19,Todd Davis\DaviTo01,DEN,27,RILB,14,14,0,79,61,77.2%,526,8.6,6.7,3,106.8,3.4,220,306,24,2,1,0.0,3,134,6,4.3%
20,Cory Littleton\LittCo01,LAR,26,IL/RILB,16,16,2,85,61,71.8%,535,8.8,6.3,4,94.0,4.0,242,293,64,2,1,3.5,7,134,5,3.6%
21,Jerome Baker\BakeJe00,MIA,23,ROLB,16,15,1,49,37,75.5%,402,10.9,8.2,1,97.5,6.1,173,229,75,3,3,1.5,8,126,6,4.5%
22,De'Vondre Campbell\CampDe00,ATL,26,LLB,16,15,2,61,50,82.0%,462,9.2,7.6,3,101.0,6.2,239,223,65,2,0,2.0,4,129,7,5.1%
23,Shaq Thompson\ThomSh01,CAR,25,LILB,14,14,0,79,57,72.2%,466,8.2,5.9,2,95.2,3.2,142,324,46,2,2,3.0,7,109,11,9.2%
24,Cole Holcomb\HolcCo00,WAS,23,LILB,16,15,0,43,36,83.7%,343,9.5,8.0,2,115.4,3.0,82,261,25,4,1,1.0,7,105,12,10.3%
25,Logan Ryan\RyanLo00,TEN,28,CB/LCB,16,16,4,103,68,66.0%,781,11.5,7.6,5,88.7,9.9,480,301,40,3,2,4.5,10,113,11,8.9%
26,Devin Bush Jr.\BushDe01,PIT,21,lilb,16,15,2,68,46,67.6%,435,9.5,6.4,5,97.4,3.9,191,244,37,2,1,1.0,4,109,14,11.4%
27,Kyle Fuller *\FullKy00,CHI,27,LCB,16,16,3,106,75,70.8%,942,12.6,8.9,5,102.0,10.0,687,255,0,0,0,0.0,0,82,12,12.8%
28,Jessie Bates III\BateJe00,CIN,22,FS,16,16,3,48,30,62.5%,509,17.0,10.6,4,100.1,10.9,283,226,6,0,0,0.0,0,100,17,14.5%
29,Terrell Edmunds\EdmuTe00,PIT,22,SS,16,16,0,50,36,72.0%,514,14.3,10.3,4,131.6,11.5,405,109,19,0,2,0.0,2,105,11,9.5%
30,Darius Leonard*\LeonDa00,IND,24,LLB,13,13,5,62,45,72.6%,424,9.4,6.8,1,62.8,4.2,152,272,53,5,0,5.0,11,121,5,4.0%
31,Jordan Poyer\PoyeJo00,BUF,28,SS,16,16,2,36,25,69.4%,358,14.3,9.9,5,117.8,10.8,198,160,37,2,0,1.0,3,107,9,7.8%
32,Eric Kendricks*+\KendEr00,MIN,27,MLB,15,15,0,60,32,53.3%,363,11.3,6.1,2,82.8,7.9,205,158,60,4,1,0.5,6,110,10,8.3%
33,Jayon Brown\BrowJa06,TEN,24,RILB,14,14,1,67,46,68.7%,396,8.6,5.9,0,77.7,3.6,129,267,28,4,0,1.0,5,105,6,5.4%
34,Rashaan Evans\EvanRa01,TEN,24,LILB,16,16,0,45,39,86.7%,415,10.6,9.2,1,112.5,5.7,181,234,34,2,2,2.5,7,111,17,13.3%
35,Eric Weddle\WeddEr99,LAR,34,FS,16,16,0,44,30,68.2%,371,12.4,8.4,1,101.6,9.4,191,180,5,1,1,0.0,2,108,10,8.5%
36,Tavon Wilson\WilsTa00,DET,29,SS,16,13,0,47,35,74.5%,237,6.8,5.0,1,92.2,4.7,119,118,27,1,1,1.0,3,98,13,11.7%
37,Adrian Amos\AmosAd00,GNB,26,SS,16,16,2,51,36,70.6%,421,11.7,8.3,1,85.5,9.6,273,148,24,1,1,1.0,3,84,5,5.6%
38,Deion Jones\JoneDe01,ATL,25,MLB,16,16,1,65,38,58.5%,427,11.2,6.6,4,92.3,4.4,143,284,36,2,3,0.0,5,110,13,10.6%
39,K.J. Wright\WrigK.00,SEA,30,RLB,16,16,3,90,64,71.1%,625,9.8,6.9,3,87.5,4.4,201,424,40,1,0,0.0,1,132,11,7.7%
40,Vonn Bell\BellVo00,NOR,25,SS,13,13,1,51,35,68.6%,425,12.1,8.3,2,98.9,11.9,295,130,31,2,2,1.5,6,89,9,9.2%
41,Tremaine Edmunds*\EdmuTr01,BUF,21,MLB,16,16,1,52,34,65.4%,266,7.8,5.1,1,76.3,3.8,100,166,64,1,2,1.5,5,115,12,9.4%
42,Byron Murphy\MurpBy00,ARI,21,LCB,16,16,1,112,78,69.6%,754,9.7,6.7,9,111.2,8.7,524,230,12,0,0,0.0,0,78,9,10.3%
43,Roquan Smith\SmitRo07,CHI,22,RILB,12,12,1,58,39,67.2%,347,8.9,6.0,0,75.9,3.0,85,262,23,2,0,2.0,4,101,4,3.8%
44,Levi Wallace\WallLe00,BUF,24,LCB,16,16,2,105,69,65.7%,682,9.9,6.5,3,85.5,8.7,460,222,3,0,0,0.0,0,76,12,13.6%
45,Thomas Davis\DaviTh20,LAC,36,LLB,16,16,0,66,43,65.2%,340,7.9,5.2,2,87.9,4.7,112,228,16,0,0,1.0,2,112,14,11.1%
46,Tre Flowers\FlowTr01,SEA,24,RCB,15,15,3,101,61,60.4%,708,11.6,7.0,1,72.5,9.2,421,287,7,0,0,2.0,2,82,15,15.5%
47,Matt Milano\MilaMa00,BUF,25,LLB,15,15,0,52,35,67.3%,213,6.1,4.1,3,94.5,2.3,63,150,62,3,4,1.5,9,101,16,13.7%
48,Justin Simmons\SimmJu00,DEN,26,FS,16,16,4,53,28,52.8%,288,10.3,5.4,1,43.6,10.2,179,109,2,1,0,0.0,1,93,8,7.9%
49,Harrison Smith*\SmitHa00,MIN,30,SS,15,15,3,33,21,63.6%,194,9.2,5.9,0,41.7,8.4,115,79,30,0,0,1.0,1,85,10,10.5%
50,Dre Greenlaw\GreeDr00,SFO,22,RLB,16,11,1,42,36,85.7%,265,7.4,6.3,0,83.0,2.7,51,214,36,2,1,1.0,4,92,2,2.1%
51,Erik Harris\HarrEr00,OAK,29,FS,16,14,3,40,24,60.0%,349,14.5,8.7,4,90.5,14.4,229,120,13,0,0,0.0,0,74,7,8.6%
52,Malcolm Jenkins\JenkMa99,PHI,32,FS/SS,16,16,0,56,35,62.5%,354,10.1,6.3,0,80.5,7.2,194,160,75,3,5,2.5,12,81,6,6.9%
53,Tyrann Mathieu+\MathTy00,KAN,27,SS,16,16,4,80,45,56.3%,409,9.1,5.1,2,57.8,8.1,200,209,43,1,0,2.0,3,75,14,15.7%
54,Ha Ha Clinton-Dix\ClinHa00,CHI,27,FS/SS,16,16,2,44,26,59.1%,285,11.0,6.5,1,67.0,7.6,189,96,14,1,0,0.0,1,78,9,10.3%
55,Taylor Rapp\RappTa00,LAR,22,SS,15,10,2,62,38,61.3%,373,9.8,6.0,1,70.2,5.6,211,162,22,0,1,0.0,1,100,3,2.9%
56,Jamal Adams *+\AdamJa00,NYJ,24,SS,14,14,1,38,21,55.3%,187,8.9,4.9,2,75.2,6.6,129,58,90,3,6,6.5,16,75,4,5.1%
57,Drue Tranquill\TranDr00,LAC,24,,15,3,0,37,30,81.1%,298,9.9,8.1,1,109.2,5.7,163,135,10,0,0,0.0,0,75,8,9.6%
58,Kevin Byard\ByarKe01,TEN,26,FS,16,16,5,47,27,57.4%,422,15.6,9.0,3,69.1,11.8,308,114,10,0,0,0.0,0,84,2,2.3%
59,Nick Vigil\VigiNi00,CIN,26,LILB,16,16,1,56,38,67.9%,292,7.7,5.2,0,72.9,3.0,61,231,60,2,3,1.0,6,111,21,15.9%
60,Joe Haden*\HadeJo99,PIT,30,LCB,16,16,5,82,44,53.7%,487,11.1,5.9,5,66.5,11.7,349,138,1,0,1,0.0,1,65,10,13.3%
61,Rashaan Melvin\MelvRa00,DET,30,CB/DB,13,12,0,92,58,63.0%,773,13.3,8.4,4,104.1,12.7,590,183,4,0,0,0.0,0,68,1,1.4%
62,Mark Barron\BarrMa00,PIT,30,il/LILB,15,9,1,71,52,73.2%,502,9.7,7.1,2,96.1,3.8,181,321,39,1,0,3.0,5,82,5,5.7%
63,Jamie Collins\CollJa00,NWE,30,LLB,16,15,3,33,24,72.7%,168,7.0,5.1,0,46.0,1.4,20,148,90,6,2,7.0,16,81,12,12.9%
64,Darryl Roberts\RobeDa00,NYJ,29,CB/RCB,13,10,1,84,54,64.3%,593,11.0,7.1,6,103.9,9.0,441,152,7,1,1,0.0,2,63,4,6.0%
65,Devin White\WhitDe02,TAM,21,LILB,13,13,1,56,42,75.0%,348,8.3,6.2,1,89.0,4.3,145,203,75,0,2,2.5,5,91,12,11.7%
66,Justin Reid\ReidJu00,HOU,22,FS,15,15,2,48,30,62.5%,327,10.9,6.8,5,99.9,9.0,172,155,19,0,1,0.0,1,78,9,10.3%
67,Jarrod Wilson\WilsJa00,JAX,25,FS,16,16,2,41,28,68.3%,417,14.9,10.2,2,97.3,9.1,240,177,30,0,2,0.0,2,79,7,8.1%
68,Mack Wilson\WilsMa03,CLE,21,RLB,16,14,1,69,49,71.0%,471,9.6,6.8,2,93.3,5.0,146,325,84,3,1,1.0,5,82,13,13.7%
69,Jonathan Bostic\BostJo00,WAS,28,RILB,16,16,1,67,51,76.1%,479,9.4,7.1,2,99.0,4.4,190,289,41,1,5,1.0,7,105,10,8.7%
70,Kevin King\KingKe01,GNB,24,RCB,15,14,5,85,50,58.8%,864,17.3,10.2,4,84.6,12.6,594,270,1,0,0,1.0,1,66,14,17.5%
71,Nick Kwiatkoski\KwiaNi00,CHI,26,il/lilb,16,8,1,37,22,59.5%,148,6.7,4.0,1,66.0,4.2,67,81,22,3,0,3.0,6,76,10,11.6%
72,Charvarius Ward\WardCh01,KAN,23,RCB,16,16,2,89,42,47.2%,629,15.0,7.1,1,65.2,12.5,430,199,3,1,0,0.0,1,74,5,6.3%
73,Trae Waynes\WaynTr00,MIN,27,CB/LCB,14,14,1,96,71,74.0%,719,10.1,7.5,5,107.9,10.1,557,162,2,0,0,0.0,0,58,5,7.9%
74,Sean Lee\LeexSe99,DAL,33,LLB,16,13,1,47,38,80.9%,254,6.7,5.4,2,94.5,4.1,69,185,25,0,0,1.0,1,86,14,14.0%
75,Ricardo Allen\AlleRi00,ATL,28,SS,16,16,2,52,36,69.2%,372,10.3,7.2,5,105.6,7.6,202,170,9,1,0,0.0,1,85,8,8.6%
76,Anthony Barr\BarrAn00,MIN,27,,14,14,1,55,40,72.7%,372,9.3,6.8,3,101.5,2.3,86,286,87,4,4,1.5,10,79,2,2.5%
77,Carlton Davis\DaviCa02,TAM,23,LCB,14,14,1,117,58,49.6%,648,11.2,5.5,6,80.0,10.7,513,135,1,0,0,0.0,0,60,10,14.3%
78,Benardrick McKinney\McKiBe00,HOU,27,LILB,14,14,0,39,35,89.7%,350,10.0,9.0,5,143.6,3.3,93,257,50,1,2,1.0,5,101,6,5.6%
79,Xavier Rhodes*\RhodXa00,MIN,29,CB/RCB,15,15,0,81,66,81.5%,791,12.0,9.8,4,123.8,9.4,542,249,0,1,0,0.0,1,63,6,8.7%
80,Eric Rowe\RoweEr00,MIA,27,SS,16,15,1,71,41,57.7%,465,11.3,6.5,2,81.0,10.8,288,177,14,1,0,0.0,1,81,6,6.9%
81,Rock Ya-Sin\Ya-SRo00,IND,23,lcb,15,13,1,66,46,69.7%,637,13.8,9.7,3,109.2,12.2,489,148,3,0,0,0.0,0,62,4,6.1%
82,Eli Apple\ApplEl00,NOR,24,CB/LCB,15,15,0,76,48,63.2%,683,14.2,9.0,2,100.9,11.4,483,200,1,0,1,0.0,1,58,6,9.4%
83,Tre Boston\BostTr00,CAR,27,FS,16,16,3,36,22,61.1%,329,15.0,9.1,2,74.9,15.2,269,60,2,0,1,0.0,1,68,13,16.0%
84,Marlon Humphrey *+\HumpMa00,BAL,23,LCB,16,15,3,88,51,58.0%,440,8.6,5.0,3,68.4,9.4,284,156,37,2,1,0.0,3,65,13,16.7%
85,Nicholas Morrow\MorrNi00,OAK,24,RLB,16,8,1,57,41,71.9%,420,10.2,7.4,2,97.1,4.2,146,274,33,2,4,0.0,6,73,10,12.0%
86,Khari Willis\WillKh00,IND,23,ss,14,9,0,37,31,83.8%,269,8.7,7.3,3,124.0,5.4,110,159,23,1,1,0.0,2,71,8,10.1%
87,Nathan Gerry\GerrNa00,PHI,24,RLB,16,12,2,43,29,67.4%,243,8.4,5.7,1,70.2,2.4,56,187,37,0,2,2.5,5,78,14,15.2%
88,Vernon Hargreaves III\HargVe00,2TM,24,,15,11,1,101,70,69.3%,904,12.9,9.0,7,116.1,11.3,567,337,3,0,0,0.0,0,61,11,15.3%
89,Mike Hilton\HiltMi01,PIT,25,db,16,8,1,55,30,54.5%,352,11.7,6.4,3,84.8,8.4,229,123,54,2,3,1.5,7,65,4,5.8%
90,Danielle Hunter*\HuntDa01,MIN,25,LDE,16,16,0,2,1,50.0%,30,30.0,15.0,0,95.8,0.0,-3,33,0,17,4,14.5,36,70,2,2.8%
91,David Mayo\MayoDa00,NYG,26,RILB,16,13,0,29,19,65.5%,181,9.5,6.2,0,82.7,2.4,38,143,31,1,0,2.0,4,82,10,10.9%
92,Bradley McDougald\McDoBr01,SEA,29,SS,15,14,2,57,31,54.4%,356,11.5,6.2,0,58.8,11.7,267,89,21,2,1,0.5,4,70,12,14.6%
93,Steven Nelson\NelsSt01,PIT,26,RCB,15,15,1,74,37,50.0%,491,13.3,6.6,0,65.8,13.1,393,98,1,0,0,0.0,0,61,6,9.0%
94,Damien Wilson\WilsDa02,KAN,26,MLB,16,16,0,50,35,70.0%,255,7.3,5.1,2,95.0,3.0,69,186,49,1,2,1.5,5,81,6,6.9%
95,Xavier Woods\WoodXa00,DAL,24,FS,15,15,2,33,24,72.7%,250,10.4,7.6,1,79.1,6.4,140,110,0,0,0,0.0,0,77,8,9.4%
96,James Bradberry\BradJa00,CAR,26,CB/RCB,15,15,3,97,58,59.8%,644,11.1,6.6,1,70.1,12.1,477,167,2,0,0,1.0,1,65,9,12.2%
97,James Burgess\BurgJa01,NYJ,25,MLB,10,10,1,65,44,67.7%,467,10.6,7.2,3,97.4,3.7,175,292,48,2,0,0.5,3,80,9,10.1%
98,Cameron Heyward*+\HeywCa01,PIT,30,LDE,16,16,0,4,2,50.0%,17,8.5,4.3,0,61.5,-3.0,-8,25,0,11,12,9.0,33,83,6,6.7%
99,Anthony Hitchens\HitcAn00,KAN,27,LLB,15,15,0,40,31,77.5%,340,11.0,8.5,1,110.4,3.4,96,244,37,1,1,2.0,5,88,12,12.0%
100,Eddie Jackson *\JackEd01,CHI,27,FS,16,16,2,43,23,53.5%,233,10.1,5.4,1,57.6,8.7,138,95,9,1,0,1.0,2,60,11,15.5%
101,Alexander Johnson\JohnAl01,DEN,28,LILB,15,12,1,42,34,81.0%,236,6.9,5.6,0,80.2,1.0,16,220,50,2,2,1.5,6,93,8,7.9%
102,Jabrill Peppers\PeppJa00,NYG,24,SS,11,11,1,36,23,63.9%,268,11.7,7.4,1,84.0,7.3,155,113,27,3,2,0.0,6,76,11,12.6%
103,Kenny Vaccaro\VaccKe00,TEN,28,ss,16,16,1,53,38,71.7%,453,11.9,8.5,4,114.7,9.3,272,181,43,2,1,1.0,4,84,4,4.5%
104,Jimmie Ward\WardJi01,SFO,28,FS,13,13,0,31,18,58.1%,172,9.6,5.5,3,105.8,7.7,107,65,2,0,0,1.0,1,65,3,4.4%
105,Daryl Worley\WorlDa00,OAK,24,LCB,15,15,1,86,46,53.5%,711,15.5,8.3,5,95.6,11.0,447,264,2,1,0,0.0,1,58,8,12.1%
106,Jaire Alexander\AlexJa00,GNB,22,LCB,16,16,2,110,59,53.6%,831,14.1,7.6,5,85.8,11.1,519,312,0,0,0,0.0,0,58,8,12.1%
107,A.J. Bouye\BouyA.00,JAX,28,CB/RCB,14,14,1,92,60,65.2%,855,14.3,9.3,3,101.5,11.2,483,372,0,0,0,0.0,0,65,5,7.1%
108,Micah Hyde\HydeMi00,BUF,29,FS,16,16,1,32,21,65.6%,260,12.4,8.1,0,77.6,8.0,166,94,11,2,1,0.0,3,72,11,13.3%
109,Janoris Jenkins\JenkJa03,2TM,31,,15,14,5,88,49,55.7%,572,11.7,6.5,4,67.0,10.7,436,136,7,0,0,0.0,0,61,9,12.9%
110,Marcus Maye\MayeMa00,NYJ,26,FS,16,16,1,32,16,50.0%,321,20.1,10.0,3,103.8,15.7,230,91,5,0,0,0.0,0,65,6,8.5%
111,Kenny Moore\MoorKe03,IND,24,LCB,11,11,2,60,42,70.0%,356,8.5,5.9,1,76.8,6.6,220,136,30,2,1,2.5,6,61,5,7.6%
112,Isaiah Oliver\OlivIs00,ATL,23,LCB,16,16,0,98,65,66.3%,908,14.0,9.3,5,113.0,10.4,527,381,1,0,1,0.0,1,62,7,10.1%
113,Denzel Perryman\PerrDe00,LAC,27,MLB,14,10,1,27,19,70.4%,171,9.0,6.3,0,71.7,5.0,97,74,3,0,0,0.0,0,68,11,13.9%
114,Germaine Pratt\PratGe00,CIN,23,ROLB,16,9,0,23,18,78.3%,215,11.9,9.3,1,120.1,4.5,84,131,28,2,0,0.0,2,76,7,8.4%
115,Danny Trevathan\TrevDa00,CHI,29,LILB,9,9,0,32,28,87.5%,280,10.0,8.8,1,113.5,2.6,61,219,34,1,3,1.0,5,70,3,4.1%
116,Jordan Whitehead\WhitJo03,TAM,22,FS,14,14,1,42,24,57.1%,373,15.5,8.9,2,92.7,11.8,234,139,58,3,1,0.0,4,69,11,13.8%
117,Bud Dupree\DuprAl00,PIT,26,ROLB,16,16,0,8,7,87.5%,67,9.6,8.4,0,101.6,-0.4,-9,76,98,11,5,11.5,28,68,12,15.0%
118,Chidobe Awuzie\AwuzCh00,DAL,24,LCB,16,16,1,97,58,59.8%,726,12.5,7.5,3,89.1,12.0,510,216,1,0,1,0.0,1,79,11,12.2%
119,Deandre Baker\BakeDe00,NYG,22,LCB,16,15,0,88,54,61.4%,850,15.7,9.7,6,116.2,12.4,587,263,0,0,0,0.0,0,61,6,9.0%
120,Ross Cockrell\CockRo00,CAR,28,CB/lcb,14,11,2,67,37,55.2%,450,12.2,6.7,1,68.6,10.4,255,195,6,0,0,0.0,0,62,12,16.2%
121,Kareem Jackson\JackKa99,DEN,31,SS,13,13,2,44,27,61.4%,278,10.3,6.3,2,75.8,8.4,179,99,3,1,0,0.0,1,71,9,11.3%
122,Alec Ogletree\OgleAl00,NYG,28,IL/LILB,13,13,1,53,44,83.0%,373,8.5,7.0,3,107.0,3.6,116,257,67,2,2,1.0,5,80,15,15.8%
123,Bobby Okereke\OkerBo00,IND,23,RLB,16,8,0,35,26,74.3%,200,7.7,5.7,1,97.3,6.5,100,100,14,1,0,1.0,2,65,2,3.0%
124,Patrick Onwuasor\OnwuPa00,BAL,27,lilb/ml,14,6,0,34,30,88.2%,424,14.1,12.5,0,118.6,5.2,141,283,63,3,3,3.0,9,64,6,8.6%
125,Brian Poole\PoolBr01,NYJ,27,DB,14,10,1,64,40,62.5%,431,10.8,6.7,3,91.3,6.8,142,289,25,3,5,0.0,8,59,5,7.8%
126,Richard Sherman*\SherRi00,SFO,31,LCB,15,15,3,69,43,62.3%,368,8.6,5.3,1,63.0,8.9,257,111,1,1,0,0.0,1,61,7,10.3%
127,Tre'Davious White *+\WhitTr01,BUF,24,RCB,15,15,6,90,45,50.0%,590,13.1,6.6,0,43.3,9.9,360,230,6,0,0,1.0,1,58,9,13.4%
128,Joey Bosa*\BosaJo00,LAC,24,LDE,16,16,0,1,1,100.0%,13,13.0,13.0,0,118.7,-3.0,-3,16,0,25,16,11.5,54,67,9,11.8%
129,Justin Coleman\ColeJu01,DET,26,RCB,16,11,1,103,65,63.1%,811,12.5,7.9,6,102.9,10.3,497,314,16,2,1,0.0,3,54,7,11.5%
130,Dont'a Hightower *\HighDo01,NWE,29,MLB,15,15,0,29,20,69.0%,195,9.8,6.7,2,110.6,3.0,59,136,78,6,6,5.5,19,71,3,4.1%
131,Mychal Kendricks\KendMy00,SEA,29,LLB,14,14,1,42,36,85.7%,320,8.9,7.6,2,104.4,3.4,84,236,59,2,0,3.0,5,71,19,21.1%
132,A.J. Klein\KleiAJ00,NOR,28,RLB,15,15,1,52,36,69.2%,376,10.4,7.2,4,107.5,5.3,184,192,53,2,2,2.5,7,69,7,9.2%
133,Jonathan Allen\AlleJo01,WAS,24,LDE,15,15,0,2,1,50.0%,4,4.0,2.0,0,56.2,-1.5,-2,6,0,12,2,6.0,21,68,4,5.6%
134,Sam Hubbard\HubbSa00,CIN,24,LOLB,15,15,0,7,5,71.4%,41,8.2,5.9,0,86.0,3.0,7,34,3,7,3,8.5,19,76,5,6.2%
135,Damontae Kazee\KazeDa00,ATL,26,FS,16,14,3,43,28,65.1%,323,11.5,7.5,1,66.3,8.2,159,164,10,0,0,0.0,0,74,11,12.9%
136,Marshon Lattimore *\LattMa01,NOR,23,RCB,14,14,1,88,44,50.0%,612,13.9,7.0,3,79.4,11.7,432,180,1,0,0,0.0,0,57,5,8.1%
137,Devin McCourty\McCoDe99,NWE,32,FS,16,16,5,33,20,60.6%,220,11.0,6.7,2,61.0,8.6,95,125,16,1,0,0.0,1,58,5,7.9%
138,Rodney McLeod\McLeRo00,PHI,29,SS,16,16,2,32,20,62.5%,251,12.6,7.8,2,81.6,9.0,173,78,25,5,0,1.0,6,76,13,14.6%
139,Patrick Peterson\PetePa00,ARI,29,RCB,10,10,2,73,48,65.8%,621,12.9,8.5,4,99.2,9.2,354,267,2,0,0,1.0,1,53,6,10.2%
140,Shaquil Barrett*\BarrSh00,TAM,27,ROLB,16,16,1,11,9,81.8%,66,7.3,6.0,0,53.8,0.5,7,59,174,14,16,19.5,51,58,6,9.4%
141,Tramaine Brock\BrocTr00,2TM,31,,14,11,0,63,41,65.1%,438,10.7,7.0,2,95.9,8.2,267,171,17,1,2,0.0,3,50,9,15.3%
142,Chuck Clark\ClarCh00,BAL,24,FS,16,12,1,35,22,62.9%,193,8.8,5.5,1,75.1,5.6,106,87,97,5,1,1.0,7,73,7,8.8%
143,Shaquill Griffin *\GrifSh00,SEA,24,LCB,14,14,0,77,44,57.1%,559,12.7,7.3,4,97.3,11.2,411,148,2,0,0,0.0,0,65,10,13.3%
144,Devon Kennard\KennDe00,DET,28,LLB,16,15,0,13,11,84.6%,57,5.2,4.4,2,124.5,0.2,-5,62,50,13,10,7.0,30,58,11,15.9%
145,Montae Nicholson\NichMo00,WAS,24,FS,13,13,2,31,21,67.7%,253,12.0,8.2,6,105.2,11.8,201,52,3,0,0,0.0,0,61,10,14.1%
146,Damarious Randall\RandDa00,CLE,27,FS/SS,11,11,0,42,24,57.1%,310,12.9,7.4,8,120.0,12.9,233,77,19,0,0,2.5,3,61,5,7.6%
147,Jalen Thompson\ThomJa04,ARI,21,SS,15,9,1,30,25,83.3%,203,8.1,6.8,1,92.1,4.9,130,73,7,0,1,0.0,1,57,8,12.3%
148,Prince Amukamara\AmukPr00,CHI,30,CB/RCB,15,15,0,71,47,66.2%,657,14.0,9.3,2,105.2,12.4,447,210,1,0,0,0.0,0,53,4,7.0%
149,Minkah Fitzpatrick*+\FitzMi00,2TM,23,,16,16,5,32,20,62.5%,298,14.9,9.3,4,93.0,13.8,195,103,7,0,1,0.0,1,69,9,11.5%
150,Stephon Gilmore*+\GilmSt00,NWE,29,RCB,16,16,6,101,51,50.5%,599,11.7,5.9,0,44.1,11.5,382,217,0,0,0,0.0,0,53,6,10.2%
151,Chris Harris Jr.\HarrCh01,DEN,30,CB/LCB,16,16,1,73,49,67.1%,677,13.8,9.3,3,104.7,11.1,456,221,1,0,0,0.0,0,56,2,3.4%
152,Ronnie Harrison\HarrRo02,JAX,22,SS,14,14,2,38,21,55.3%,308,14.7,8.1,1,68.8,8.8,155,153,30,1,0,2.0,3,71,8,10.1%
153,Neville Hewitt\HewiNe00,NYJ,26,RLB,12,12,2,51,26,51.0%,276,10.6,5.4,4,76.9,7.0,155,121,52,0,5,3.0,8,75,12,13.8%
154,Jalen Ramsey*\RamsJa00,2TM,25,,12,11,1,68,45,66.2%,549,12.2,8.1,1,89.6,11.2,448,101,0,0,0,0.0,0,50,2,3.8%
155,Daniel Sorensen\SoreDa01,KAN,29,,16,3,2,56,37,66.1%,354,9.6,6.3,1,74.6,5.5,148,206,29,0,2,0.0,2,57,4,6.6%
156,Johnathan Joseph\JoseJo20,HOU,35,CB/LCB,14,11,1,78,50,64.1%,658,13.2,8.4,2,93.9,11.2,432,226,1,0,0,0.0,0,51,11,17.7%
157,Matt Judon*\JudoMa00,BAL,27,ROLB,16,16,0,11,8,72.7%,78,9.8,7.1,0,92.2,4.1,13,65,150,4,17,9.5,31,54,9,14.3%
158,Harold Landry\LandHa00,TEN,23,ROLB,16,16,1,13,10,76.9%,102,10.2,7.8,2,106.4,4.8,47,55,86,18,5,9.0,32,68,14,17.1%
159,Haason Reddick\ReddHa00,ARI,25,lilb,16,5,0,56,42,75.0%,345,8.2,6.2,6,126.0,4.9,124,221,90,3,3,1.0,7,76,11,12.6%
160,Sheldon Richardson\RichSh00,CLE,29,RDT,16,15,0,2,2,100.0%,19,9.5,9.5,0,106.2,-8.0,-16,35,2,5,3,3.0,11,62,12,16.2%
161,Leighton Vander Esch\VandLe00,DAL,23,RLB,9,9,0,47,37,78.7%,351,9.5,7.5,2,112.0,4.9,87,264,19,0,1,0.5,2,72,13,15.3%
162,Tre Herndon\HernTr00,JAX,23,LCB,16,14,3,80,37,46.3%,613,16.6,7.7,3,69.4,15.1,452,161,1,0,0,0.0,0,55,9,14.1%
163,Matthew Ioannidis\IoanMa01,WAS,25,RDE,16,15,0,0,0,,0,,,0,,,0,0,0,18,8,8.5,35,64,3,4.5%
164,Myles Jack\JackMy00,JAX,24,MLB,11,11,1,41,29,70.7%,386,13.3,9.4,4,122.6,4.7,132,254,22,0,1,0.5,2,66,12,15.4%
165,Chandler Jones*+\JoneCh03,ARI,29,LOLB,16,16,0,10,9,90.0%,87,9.7,8.7,1,136.2,0.8,12,75,143,15,5,19.0,40,53,5,8.6%
166,Emmanuel Moseley\MoseEm00,SFO,23,RCB,16,9,1,59,32,54.2%,392,12.3,6.6,2,79.2,9.4,165,227,2,0,0,0.0,0,50,5,9.1%
167,Trayvon Mullen\MullTr00,OAK,22,RCB,16,10,1,68,38,55.9%,424,11.2,6.2,2,78.3,9.9,240,184,1,0,1,0.0,1,50,5,9.1%
168,Darnell Savage Jr.\SavaDa00,GNB,22,FS,14,14,2,30,17,56.7%,197,11.6,6.6,2,71.1,10.6,138,59,17,1,1,0.0,2,55,8,12.7%
169,Juan Thornhill\ThorJu00,KAN,24,FS,16,16,3,28,13,46.4%,121,9.3,4.3,2,43.0,12.1,58,63,12,1,0,0.0,1,58,14,19.4%
170,Andrew Adams\AdamAn00,TAM,27,SS,14,11,1,19,13,68.4%,208,16.0,10.9,2,117.9,13.1,167,41,10,0,0,0.0,0,46,4,8.0%
171,Brandon Carr\CarrBr99,BAL,33,CB/RCB,16,16,0,64,35,54.7%,406,11.6,6.3,5,100.1,10.3,282,124,30,2,4,2.0,8,49,11,18.3%
172,Jeff Heath\HeatJe00,DAL,28,SS,13,13,0,52,33,63.5%,329,10.0,6.3,2,94.2,6.7,136,193,22,1,2,0.0,3,63,3,4.5%
173,Lamarcus Joyner\JoynLa00,OAK,29,db,14,10,0,72,50,69.4%,541,10.8,7.5,4,109.8,7.1,289,252,15,1,0,0.0,1,49,6,10.9%
174,Nik Needham\NeedNi00,MIA,23,RCB,12,11,2,74,43,58.1%,646,15.0,8.7,8,111.7,12.1,453,193,9,1,2,1.0,4,54,8,12.9%
175,Za'Darius Smith*\SmitZa00,GNB,27,ROLB,16,16,0,3,2,66.7%,15,7.5,5.0,0,78.5,-2.3,-9,24,36,13,22,13.5,50,55,9,14.1%
176,Kyle Van Noy\VanNKy00,NWE,28,RLB,15,15,0,9,5,55.6%,60,12.0,6.7,1,113.2,8.2,31,29,115,11,7,6.5,24,56,6,9.7%
177,Joe Walker\WalkJo01,ARI,27,IL/LILB,16,11,0,33,24,72.7%,234,9.8,7.1,1,102.3,4.7,67,167,31,1,1,0.0,2,65,11,14.5%
178,T.J. Carrie\CarrTr00,CLE,29,cb/lcb,16,6,1,60,41,68.3%,524,12.8,8.7,3,105.1,8.6,303,221,37,3,1,1.0,5,52,10,16.1%
179,Dante Fowler\FowlDa00,LAR,25,LOLB,16,14,0,9,4,44.4%,36,9.0,4.0,0,55.8,2.3,-14,50,48,19,3,11.5,35,58,8,12.1%
180,Clayton Geathers\GeatCl00,IND,27,SS,15,10,1,24,19,79.2%,226,11.9,9.4,3,128.1,9.5,168,58,3,0,0,0.0,0,54,7,11.5%
181,Desmond King\KingDe01,LAC,25,DB,15,8,0,54,45,83.3%,514,11.4,9.5,3,124.8,6.0,268,246,15,2,2,2.5,7,51,2,3.8%
182,Khalil Mack*\MackKh00,CHI,28,LOLB,16,16,0,8,6,75.0%,42,7.0,5.3,0,86.5,0.0,4,38,56,30,6,8.5,45,47,6,11.3%
183,Marcus Peters *+\PeteMa00,2TM,26,,16,15,5,90,50,55.6%,597,11.9,6.6,5,71.4,9.8,346,251,1,0,0,0.0,0,53,8,13.1%
184,Marcus Williams\WillMa06,NOR,23,FS,15,15,4,39,24,61.5%,538,22.4,13.8,6,105.4,10.4,240,298,5,0,0,0.0,0,55,9,14.1%
185,Carlos Dunlap\DunlCa99,CIN,30,LDE,14,14,0,4,4,100.0%,47,11.8,11.8,0,115.6,2.8,11,36,4,10,12,9.0,32,63,2,3.1%
186,Mike Hughes\HughMi00,MIN,22,,14,3,1,67,41,61.2%,484,11.8,7.2,3,91.9,11.6,364,120,1,0,0,0.0,0,45,6,11.8%
187,Melvin Ingram*\IngrMe00,LAC,30,RDE,13,13,1,6,5,83.3%,54,10.8,9.0,0,64.6,-2.2,-8,62,4,11,4,7.0,23,48,6,11.1%
188,Adoree' Jackson\JackAd00,TEN,24,RCB,11,10,0,54,36,66.7%,395,11.0,7.3,1,94.3,9.5,261,134,3,0,0,0.0,0,45,5,10.0%
189,Taron Johnson\JohnTa01,BUF,23,DB,12,7,0,49,33,67.3%,368,11.2,7.5,1,96.3,8.0,181,187,22,2,0,1.0,3,50,13,20.6%
190,Jamal Perry\WiltJo01,MIA,25,db,14,6,1,66,42,63.6%,462,11.0,7.0,4,98.2,8.7,300,162,14,1,0,0.0,1,58,10,14.7%
191,Buster Skrine\SkriBu00,CHI,30,,16,4,0,81,48,59.3%,465,9.7,5.7,4,91.8,7.4,278,187,19,1,2,0.0,3,48,13,21.3%
192,Patrick Chung\ChunPa99,NWE,32,SS,13,12,0,44,31,70.5%,311,10.0,7.1,1,97.8,7.6,179,132,38,0,0,0.0,0,51,4,7.3%
193,Jarrad Davis\DaviJa01,DET,24,MLB,11,11,0,37,29,78.4%,363,12.5,9.8,1,116.6,7.0,186,177,32,6,3,2.0,11,63,10,13.7%
194,Pierre Desir\DesiPi00,IND,29,CB/RCB,12,11,3,74,48,64.9%,616,12.8,8.3,5,96.5,11.4,424,192,0,0,0,0.0,0,50,8,13.8%
195,Chauncey Gardner-Johnson\GardCh00,NOR,22,db,16,7,1,51,36,70.6%,340,9.4,6.7,2,93.6,6.4,136,204,30,3,4,0.0,7,49,4,7.5%
196,Grady Jarrett*\JarrGr00,ATL,26,LDT,16,16,0,1,0,0.0%,0,,0.0,0,39.6,-4.0,0,0,0,10,8,7.5,26,69,8,10.4%
197,Jonathan Jones\JoneJo03,NWE,26,DB,15,9,0,75,45,60.0%,534,11.9,7.1,5,104.0,11.1,317,217,2,0,0,0.0,0,53,5,8.6%
198,Karl Joseph\JoseKa00,OAK,26,SS,9,9,1,25,17,68.0%,324,19.1,13.0,1,107.5,16.6,246,78,11,1,2,0.0,3,49,8,14.0%
199,Jourdan Lewis\LewiJo01,DAL,24,db,16,5,2,64,44,68.8%,542,12.3,8.5,1,86.8,6.6,251,291,25,1,0,4.0,5,51,4,7.3%
200,Avonte Maddox\MaddAv00,PHI,23,lcb,12,6,0,75,46,61.3%,495,10.8,6.6,1,85.1,8.6,274,221,7,1,1,1.0,3,47,5,9.6%
201,Denzel Ward\WardDe02,CLE,22,LCB,12,12,2,83,40,48.2%,517,12.9,6.2,1,62.2,11.0,323,194,6,1,1,0.0,2,44,12,21.4%
202,Bashaud Breeland\BreeBa00,KAN,27,LCB,16,15,2,62,30,48.4%,489,16.3,7.9,5,88.7,13.6,292,197,3,0,1,0.0,1,48,8,14.3%
203,Calais Campbell*\CampCa99,JAX,33,DE/RDE,16,16,0,0,0,,0,,,0,,,0,0,0,10,16,6.5,33,56,16,22.2%
204,Maurice Canady\CanaMa00,2TM,25,,13,3,1,49,31,63.3%,338,10.9,6.9,0,75.0,11.0,286,52,2,0,0,0.0,0,46,2,4.2%
205,Tashaun Gipson\GipsTa00,HOU,29,SS,14,14,3,37,20,54.1%,290,14.5,7.8,1,55.0,13.2,202,88,16,0,2,0.0,2,51,8,13.6%
206,Markus Golden\GoldMa00,NYG,28,DE/LOLB,16,16,0,2,1,50.0%,6,6.0,3.0,0,56.2,0.0,4,2,93,16,14,10.0,44,72,6,7.7%
207,Shaun Dion Hamilton\DionSh00,WAS,24,,16,0,1,24,12,50.0%,71,5.9,3.0,1,52.8,2.6,27,44,19,2,1,1.0,4,49,4,7.5%
208,Byron Jones\JoneBy00,DAL,27,CB/RCB,15,14,0,64,34,53.1%,395,11.6,6.2,3,87.7,10.0,260,135,2,0,0,0.0,0,46,1,2.1%
209,Cameron Jordan*\JordCa00,NOR,30,LDE,16,16,0,3,1,33.3%,11,11.0,3.7,0,45.1,1.0,-1,12,11,27,6,15.5,49,53,5,8.6%
210,Sean Murphy-Bunting\BuntSe00,TAM,22,rcb,16,10,3,60,39,65.0%,384,9.8,6.4,4,84.3,10.2,260,124,17,0,0,1.0,1,44,10,18.5%
211,Jahlani Tavai\TavaJa00,DET,23,mlb,15,6,1,23,16,69.6%,201,12.6,8.7,0,78.4,5.7,80,121,23,1,1,2.0,4,58,8,12.1%
212,Greedy Williams\WillGr00,CLE,22,RCB,12,12,0,62,38,61.3%,472,12.4,7.6,0,84.9,11.9,324,148,3,0,0,0.0,0,47,8,14.5%
213,Gareon Conley\ConlGa00,2TM,24,,14,12,1,73,42,57.5%,615,14.6,8.4,6,106.8,13.8,405,210,0,0,0,0.0,0,50,6,10.7%
214,Maxx Crosby\CrosMa00,OAK,22,RDE,16,10,0,0,0,,0,,,0,,,0,0,0,16,4,10.0,31,47,11,19.0%
215,Grant Haley\HaleGr00,NYG,23,,15,3,0,39,32,82.1%,342,10.7,8.8,1,111.8,9.5,195,147,11,2,0,1.0,3,43,3,6.5%
216,Yannick Ngakoue\NgakYa00,JAX,24,LDE,15,15,1,2,2,100.0%,4,2.0,2.0,0,39.6,-4.0,-8,12,1,10,9,8.0,27,41,10,19.6%
217,Foyesade Oluokun\OluoFo00,ATL,24,,16,3,0,24,22,91.7%,202,9.2,8.4,0,101.7,4.8,104,98,12,0,0,0.0,0,62,4,6.1%
218,Donald Payne\PaynDo00,JAX,25,mlb,9,5,0,26,22,84.6%,319,14.5,12.3,2,143.4,4.1,87,232,13,0,0,1.0,1,61,6,9.0%
219,Troy Reeder\ReedTr01,LAR,25,lb,16,8,0,17,16,94.1%,245,15.3,14.4,1,138.4,6.5,110,135,3,0,0,0.0,0,58,9,13.4%
220,Andrew Sendejo\SendAn00,2TM,32,,15,3,3,21,12,57.1%,190,15.8,9.0,2,79.6,9.7,123,67,9,0,1,1.0,2,45,5,10.0%
221,Darius Slay*\SlayDa00,DET,28,CB/LCB,14,14,2,93,52,55.9%,694,13.3,7.5,3,81.6,13.5,554,140,0,1,0,0.0,1,46,6,11.5%
222,Preston Smith\SmitPr00,GNB,27,LOLB,16,16,1,16,11,68.8%,88,8.0,5.5,0,56.2,3.6,15,73,36,11,9,12.0,34,56,5,8.2%
223,Eric Wilson\WilsEr00,MIN,25,llb,16,6,0,25,18,72.0%,132,7.3,5.3,1,97.4,2.6,39,93,15,0,2,3.0,5,62,2,3.1%
224,Jahleel Addae\AddaJa00,HOU,29,/fs,16,3,2,33,24,72.7%,308,12.8,9.3,2,96.5,8.4,160,148,26,1,0,0.0,1,45,6,11.8%
225,Lorenzo Alexander\AlexLo99,BUF,36,rlb,16,7,0,15,12,80.0%,81,6.8,5.4,1,111.4,3.3,21,60,35,4,6,2.0,13,55,6,9.8%
226,Brandon Graham\GrahBr99,PHI,31,RDE,16,16,0,7,7,100.0%,27,3.9,3.9,0,82.7,-2.9,-20,47,1,13,8,8.5,30,50,12,19.4%
227,Lawrence Guy\GuyxLa00,NWE,29,LDE,16,16,1,0,0,,0,,,0,,,0,0,0,3,1,3.0,7,61,1,1.6%
228,Javon Hargrave\HargJa00,PIT,26,NT,16,13,0,1,1,100.0%,12,12.0,12.0,0,116.7,-6.0,-6,18,0,8,2,4.0,14,60,5,7.7%
229,Anthony Harris\HarrAn01,MIN,28,FS,14,14,6,23,15,65.2%,151,10.1,6.6,0,44.2,8.6,113,38,17,0,0,0.0,0,60,3,4.8%
230,Raekwon McMillan\McMiRa02,MIA,24,LILB,13,12,0,12,10,83.3%,104,10.4,8.7,0,102.8,3.8,29,75,24,0,2,0.0,2,72,9,11.1%
231,Ben Niemann\NiemBe00,KAN,24,,16,1,0,33,25,75.8%,202,8.1,6.1,1,100.8,3.7,59,143,44,1,1,0.0,2,56,3,5.1%
232,Larry Ogunjobi\OgunLa00,CLE,25,LDT,15,15,0,0,0,,0,,,0,,,0,0,0,10,6,5.5,22,50,5,9.1%
233,Bradley Roby\RobyBr00,HOU,27,RCB,10,10,2,63,38,60.3%,457,12.0,7.3,2,79.9,9.7,305,152,4,0,0,1.0,1,38,12,24.0%
234,T.J. Watt *+\WattT.00,PIT,25,LOLB,16,16,2,5,2,40.0%,13,6.5,2.6,0,8.3,3.6,0,13,80,23,19,14.5,59,55,8,12.7%
235,K'Waun Williams\WillKW00,SFO,28,db,15,8,2,61,42,68.9%,364,8.7,6.0,1,76.1,3.6,123,241,27,3,2,1.0,7,51,11,17.7%
236,Michael Brockers\BrocMi00,LAR,29,LDE,16,16,0,2,0,0.0%,0,,0.0,0,39.6,-2.5,0,0,0,8,5,3.0,17,63,3,4.5%
237,DeForest Buckner\BuckDe00,SFO,25,DT/RDT,16,16,0,1,1,100.0%,-5,-5.0,-5.0,0,79.2,-6.0,-6,1,0,7,5,7.5,20,62,3,4.6%
238,Ronald Darby\DarbRo00,PHI,25,CB/RCB,11,11,2,67,43,64.2%,705,16.4,10.5,6,116.8,15.3,550,155,2,0,0,0.0,0,37,7,15.9%
239,Kendall Fuller\FullKe00,KAN,24,/cb,11,4,0,36,28,77.8%,321,11.5,8.9,3,131.6,7.6,173,148,19,2,0,1.0,3,49,3,5.8%
240,Rayshawn Jenkins\JenkRa00,LAC,25,SS,16,16,3,16,9,56.3%,240,26.7,15.0,2,101.0,23.3,189,51,6,2,0,0.0,2,54,8,12.9%
241,Lonnie Johnson\JohnLo01,HOU,22,db,14,7,0,55,35,63.6%,425,12.1,7.7,4,111.6,12.1,234,191,1,0,0,0.0,0,41,8,16.3%
242,Jaquiski Tartt\TartJa00,SFO,27,SS,12,12,0,23,10,43.5%,77,7.7,3.3,1,66.8,10.2,34,43,13,2,0,0.5,3,48,4,7.7%
243,P.J. Williams\WillP.00,NOR,26,DB,14,8,1,64,42,65.6%,523,12.5,8.2,5,110.4,9.3,316,207,35,1,0,1.0,2,44,11,20.0%
244,Mike Edwards\EdwaMi01,TAM,23,ss,15,7,0,50,33,66.0%,487,14.8,9.7,7,137.2,8.3,254,233,15,0,0,1.0,1,45,8,15.1%
245,Trey Flowers\FlowTr00,DET,26,LDE,15,15,0,4,3,75.0%,17,5.7,4.3,0,82.3,0.3,4,13,0,14,14,7.0,35,51,8,13.6%
246,Davon Godchaux\GodcDa00,MIA,25,NT,16,16,0,2,2,100.0%,22,11.0,11.0,0,112.5,-1.0,-2,24,1,1,4,2.0,8,75,7,8.5%
247,Justin Houston\HousJu00,IND,30,LDE,16,16,0,0,0,,0,,,0,,,0,0,1,9,8,11.0,28,44,2,4.3%
248,Whitney Mercilus\MercWh00,HOU,29,LOLB,16,16,2,7,4,57.1%,77,19.3,11.0,0,56.0,4.7,14,63,89,11,6,7.5,25,48,6,11.1%
249,Von Miller*\MillVo00,DEN,30,ROLB,15,15,0,4,4,100.0%,41,10.3,10.3,0,109.4,3.8,15,26,52,18,10,8.0,37,46,2,4.2%
250,Fabian Moreau\MoreFa00,WAS,25,db,12,7,3,49,39,79.6%,453,11.6,9.2,2,93.3,9.8,281,172,0,0,0,0.0,0,44,9,17.0%
251,Josh Norman\NormJo01,WAS,32,cb/RCB,12,8,1,46,31,67.4%,440,14.2,9.6,6,128.6,14.7,369,71,1,0,0,1.0,1,40,4,9.1%
252,Kendall Sheffield\ShefKe00,ATL,23,rcb,16,11,0,55,41,74.5%,445,10.9,8.1,2,110.0,6.5,213,232,5,1,0,0.0,1,46,5,9.8%
253,Michael Thomas\ThomMi02,NYG,29,/ss,16,2,0,27,20,74.1%,208,10.4,7.7,2,120.6,7.4,145,63,15,1,0,0.0,1,47,0,0.0%
254,Arik Armstead\ArmsAr01,SFO,26,RDE,16,16,0,1,0,0.0%,0,,0.0,0,39.6,-3.0,0,0,0,17,6,10.0,35,54,9,14.3%
255,Nick Bosa*\BosaNi00,SFO,22,LDE,16,14,1,3,2,66.7%,31,15.5,10.3,0,61.1,3.3,15,16,1,24,12,9.0,45,47,3,6.0%
256,Nigel Bradham\BradNi00,PHI,30,MLB,12,12,1,35,27,77.1%,238,8.8,6.8,0,82.8,7.5,149,89,48,2,1,0.0,3,61,8,11.6%
257,D.J. Hayden\HaydDJ00,JAX,29,db,15,8,0,49,32,65.3%,298,9.3,6.1,0,81.8,5.1,106,192,33,1,3,2.0,6,41,6,12.8%
258,Troy Hill\HillTr01,LAR,28,LCB,14,9,2,57,26,45.6%,330,12.7,5.8,2,61.3,13.2,254,76,1,0,1,1.0,2,43,2,4.4%
259,Donte Jackson\JackDo02,CAR,24,LCB,13,10,3,59,36,61.0%,612,17.0,10.4,5,103.2,16.0,435,177,1,0,0,0.0,0,40,12,23.1%
260,Jimmy Moreland\MoreJi00,WAS,24,rcb,14,5,0,39,31,79.5%,267,8.6,6.8,0,95.2,5.0,114,153,6,1,1,0.0,2,42,9,17.6%
261,Da'Ron Payne\PaynDa00,WAS,22,NT,15,9,0,1,0,0.0%,0,,0.0,0,39.6,-4.0,0,0,0,5,2,2.0,9,56,5,8.2%
262,Nickell Robey-Coleman\RobeNi00,LAR,27,/cb,16,3,0,64,41,64.1%,363,8.9,5.7,1,84.3,7.6,189,174,4,0,0,0.0,0,36,8,18.2%
263,A'Shawn Robinson\RobiAS00,DET,24,dt/RDT,13,9,0,0,0,,0,,,0,,,0,0,0,2,0,1.5,4,40,3,7.0%
264,D.J. Swearinger\SweaDJ00,3TM,28,,9,7,0,23,16,69.6%,222,13.9,9.7,2,129.3,10.1,147,75,22,4,1,0.0,5,50,10,16.7%
265,Earl Thomas*\ThomEa99,BAL,30,SS,15,15,2,25,11,44.0%,113,10.3,4.5,0,24.2,12.4,74,39,54,1,2,2.0,6,49,8,14.0%
266,Isaac Yiadom\YiadIs00,DEN,23,RCB,16,8,0,54,38,70.4%,482,12.7,8.9,0,97.9,11.9,362,120,0,0,0,0.0,0,43,4,8.5%
267,Josh Allen*\AlleJo03,JAX,22,,16,4,0,4,3,75.0%,15,5.0,3.8,0,80.2,3.8,-6,21,30,14,14,10.5,39,44,3,6.4%
268,Kenny Clark*\ClarKe01,GNB,24,NT,16,16,0,2,1,50.0%,9,9.0,4.5,0,62.5,-2.0,-3,12,0,8,0,6.0,15,62,8,11.4%
269,Michael Davis\DaviMi03,LAC,24,LCB,12,12,2,61,36,59.0%,402,11.2,6.6,2,76.0,10.4,292,110,3,0,0,0.0,0,39,7,15.2%
270,Quinton Dunbar\DunbQu00,WAS,27,CB/LCB,11,11,4,55,33,60.0%,360,10.9,6.5,2,61.2,10.8,237,123,0,0,0,0.0,0,37,3,7.5%
271,Leon Jacobs\JacoLe00,JAX,24,RLB,14,7,0,12,9,75.0%,52,5.8,4.3,0,82.6,1.4,5,47,25,1,0,2.0,4,42,2,4.5%
272,Jason McCourty\McCoJa99,NWE,32,LCB,12,10,1,56,27,48.2%,267,9.9,4.8,0,54.7,12.3,191,76,1,0,0,0.0,0,40,1,2.4%
273,Brennan Scarlett\ScarBr00,HOU,26,ROLB,15,10,0,12,11,91.7%,79,7.2,6.6,1,121.9,2.3,29,50,45,2,2,3.5,8,51,5,8.9%
274,Montez Sweat\SweaMo00,WAS,23,LOLB,16,16,0,9,6,66.7%,17,2.8,1.9,0,70.1,-0.4,-3,20,37,14,5,7.0,27,50,1,2.0%
275,Jermaine Whitehead\WhitJe02,CLE,26,db,8,8,1,25,17,68.0%,185,10.9,7.4,2,99.6,10.8,130,55,24,2,1,0.0,3,41,5,10.9%
276,Mackensie Alexander\AlexMa01,MIN,26,/cb,13,4,1,58,38,65.5%,324,8.5,5.6,2,84.3,8.2,216,108,5,0,1,0.5,2,38,0,0.0%
277,Ryan Anderson\AndeRy00,WAS,25,,16,4,0,16,13,81.3%,108,8.3,6.8,5,134.4,4.3,61,47,44,9,6,4.0,19,44,3,6.4%
278,Austin Calitro\CaliAu00,JAX,25,,13,4,0,21,16,76.2%,161,10.1,7.7,1,113.4,4.0,64,97,5,1,1,1.0,3,40,7,14.9%
279,Brandon Facyson\FacyBr00,LAC,25,,16,4,0,27,19,70.4%,193,10.2,7.1,1,102.9,10.0,152,41,0,0,0,0.0,0,41,3,6.8%
280,Davontae Harris\HarrDa05,DEN,24,rcb,16,6,0,50,33,66.0%,330,10.0,6.6,3,104.6,9.0,221,109,1,0,0,0.0,0,35,5,12.5%
281,Will Harris\HarrWi02,DET,24,fs,16,6,0,23,13,56.5%,168,12.9,7.3,3,119.2,11.3,92,76,5,0,0,1.0,1,43,6,12.2%
282,Malik Hooker\HookMa00,IND,23,FS,13,13,2,25,19,76.0%,321,16.9,12.8,2,110.8,12.3,224,97,0,0,0,0.0,0,51,8,13.6%
283,DeMarcus Lawrence\LawrDe00,DAL,27,LDE,16,16,0,0,0,,0,,,0,,,0,0,1,13,10,5.0,29,45,6,11.8%
284,Julian Love\LoveJu00,NYG,21,ss,15,5,1,29,19,65.5%,190,10.0,6.6,1,81.1,5.4,80,110,11,0,1,0.0,1,37,4,9.8%
285,George Odum\OdumGe00,IND,26,,16,1,0,15,12,80.0%,182,15.2,12.1,1,139.4,9.8,107,75,3,0,1,0.0,1,37,1,2.6%
286,Danny Shelton\ShelDa01,NWE,26,DT/LDT,16,14,0,0,0,,0,,,0,,,0,0,0,3,3,3.0,9,61,3,4.7%
287,Roderic Teamer\TeamRo00,LAC,22,FS,7,6,1,19,15,78.9%,202,13.5,10.6,1,106.6,5.2,92,110,2,0,0,1.0,1,40,5,11.1%
288,B.W. Webb\WebbBW00,CIN,29,CB/LCB,15,12,1,72,42,58.3%,767,18.3,10.7,4,107.8,12.8,446,321,6,0,0,0.0,0,37,4,9.8%
289,Christian Wilkins\WilkCh00,MIA,24,RDE,16,14,0,2,2,100.0%,10,5.0,5.0,0,87.5,4.5,4,6,0,8,2,2.0,12,56,3,5.1%
290,Quincy Williams\WillQu01,JAX,23,LLB,11,8,0,28,22,78.6%,229,10.4,8.2,0,100.7,5.1,77,152,22,0,0,0.0,0,48,13,21.3%
291,Ja'Whaun Bentley\BentJa00,NWE,23,,16,2,0,15,11,73.3%,64,5.8,4.3,0,81.0,3.5,26,38,27,3,1,0.0,4,44,3,6.4%
292,Aaron Donald*+\DonaAa00,LAR,28,RDE,16,16,0,0,0,,0,,,0,,,0,0,0,32,9,12.5,55,48,6,11.1%
293,Damon Harrison\HarrDa03,DET,31,DT/LDT,15,15,0,2,2,100.0%,7,3.5,3.5,0,81.2,0.0,0,7,0,0,0,2.0,2,49,11,18.3%
294,J.C. Jackson\JackJ.00,NWE,24,db,16,6,5,62,33,53.2%,316,9.6,5.1,0,34.1,11.5,195,121,4,1,0,0.0,1,36,3,7.7%
295,Christian Jones\JoneCh05,DET,28,RLB,13,13,0,27,18,66.7%,186,10.3,6.9,1,98.7,6.6,87,99,35,3,1,2.0,6,51,5,8.9%
296,Jalen Mills\MillJa02,PHI,25,LCB,9,9,1,54,31,57.4%,530,17.1,9.8,4,107.8,14.4,378,152,2,0,0,0.0,0,41,3,6.8%
297,Tramon Williams\WillTr99,GNB,36,cb/db,16,7,2,57,33,57.9%,437,13.2,7.7,2,79.3,8.7,229,208,9,1,1,0.0,2,39,5,11.4%
298,Vic Beasley\BeasVi00,ATL,27,RDE,16,15,0,9,8,88.9%,60,7.5,6.7,1,131.5,3.1,25,35,34,7,2,8.0,18,42,3,6.7%
299,Preston Brown\BrowPr00,2TM,27,,10,8,0,18,17,94.4%,138,8.1,7.7,1,117.1,2.6,49,89,17,0,0,0.0,0,55,1,1.8%
300,Johnathan Hankins\HankJo00,OAK,27,RDT,16,16,0,1,1,100.0%,1,1.0,1.0,0,79.2,0.0,0,1,0,6,3,1.5,11,50,8,13.8%
301,Shelby Harris\HarrSh00,DEN,28,LDE,16,16,0,1,0,0.0%,0,,0.0,0,39.6,0.0,0,0,0,5,0,6.0,11,49,1,2.0%
302,Casey Hayward\HaywCa00,LAC,30,RCB,16,16,2,48,30,62.5%,350,11.7,7.3,3,88.0,11.8,281,69,0,0,0,0.0,0,32,3,8.6%
303,Siran Neal\NealSi00,BUF,25,,15,1,0,19,14,73.7%,73,5.2,3.8,0,79.5,3.7,12,61,6,0,0,0.0,0,36,3,7.7%
304,Mike Purcell\PurcMi00,DEN,28,NT,13,7,0,0,0,,0,,,0,,,0,0,0,4,2,0.0,6,48,6,11.1%
305,D.J. Reader\ReadD.00,HOU,25,NT,15,15,0,2,2,100.0%,7,3.5,3.5,0,81.2,2.0,4,3,0,2,7,2.5,12,52,2,3.7%
306,Sheldrick Redwine\RedwSh00,CLE,23,fs,12,5,0,16,9,56.3%,166,18.4,10.4,2,131.8,15.2,120,46,9,1,0,0.0,1,42,7,14.3%
307,Jalen Reeves-Maybin\ReevJa00,DET,24,,16,3,0,19,15,78.9%,211,14.1,11.1,2,148.0,9.9,106,105,13,0,1,0.0,1,37,4,9.8%
308,John Simon\SimoJo01,NWE,29,RDE,16,12,1,4,2,50.0%,21,10.5,5.3,0,26.0,5.0,2,19,13,3,1,4.0,8,44,3,6.4%
309,Jimmy Smith\SmitJi03,BAL,31,db,9,5,1,50,28,56.0%,329,11.8,6.6,0,67.8,10.2,181,148,1,0,0,1.0,1,30,1,3.2%
310,M.J. Stewart\StewM.00,TAM,24,,10,1,0,38,28,73.7%,281,10.0,7.4,2,111.8,5.1,148,133,10,0,0,0.0,0,35,3,7.9%
311,Vince Williams\WillVi01,PIT,30,RILB,14,8,0,15,13,86.7%,117,9.0,7.8,1,121.4,6.1,81,36,24,3,5,2.5,11,55,4,6.8%
312,Vince Biegel\BiegVi00,MIA,26,RILB,15,10,1,7,5,71.4%,23,4.6,3.3,0,35.7,1.4,0,23,68,6,9,2.5,18,59,6,9.2%
313,Blake Cashman\CashBl00,NYJ,23,lb,7,5,0,26,20,76.9%,151,7.6,5.8,0,90.4,5.1,74,77,39,2,2,0.5,5,40,3,7.0%
314,Marqui Christian\ChriMa00,LAR,25,/fs,16,1,0,23,13,56.5%,124,9.5,5.4,2,100.6,7.3,95,29,9,0,0,0.0,0,36,8,18.2%
315,Frank Clark *\ClarFr01,KAN,26,RDE,14,11,1,7,6,85.7%,41,6.8,5.9,0,51.5,0.4,1,40,5,12,7,8.0,27,37,5,11.9%
316,Brandon Copeland\CopeBr00,NYJ,28,,12,3,0,18,13,72.2%,104,8.0,5.8,1,104.9,5.7,58,46,29,0,0,1.5,2,42,9,17.6%
317,Kamalei Correa\CorrKa00,TEN,25,lolb,16,5,0,6,3,50.0%,16,5.3,2.7,0,56.2,0.5,8,8,28,5,1,5.0,11,37,2,5.1%
318,Quandre Diggs\DiggQu00,2TM,26,,10,10,3,11,5,45.5%,85,17.0,7.7,1,62.9,14.1,58,27,2,0,0,0.0,0,41,11,21.2%
319,Leonard Floyd\FloyLe00,CHI,27,ROLB,16,16,0,17,14,82.4%,76,5.4,4.5,0,85.3,1.5,2,74,51,15,8,3.0,26,40,7,14.9%
320,Dre Kirkpatrick\KirkDr00,CIN,30,lcb,6,6,0,30,19,63.3%,247,13.0,8.2,3,122.5,8.6,125,122,0,0,0,1.0,1,33,4,10.8%
321,Clay Matthews\MattCl99,LAR,33,LILB,13,13,0,10,9,90.0%,122,13.6,12.2,0,117.5,5.7,45,77,61,16,4,8.0,28,37,10,21.3%
322,Kevin Pierre-Louis\PierKe00,CHI,28,/il,14,3,1,21,14,66.7%,87,6.2,4.1,0,55.1,2.0,37,50,9,2,2,0.0,4,37,4,9.8%
323,Curtis Riley\RileCu00,OAK,27,,16,3,0,13,9,69.2%,172,19.1,13.2,2,151.4,15.2,130,42,6,1,0,0.0,1,34,5,12.8%
324,Chandon Sullivan\SullCh00,GNB,23,,16,0,1,31,11,35.5%,120,10.9,3.9,0,34.3,10.7,73,47,14,0,1,0.0,1,30,1,3.2%
325,Morgan Burnett\BurnMo99,CLE,30,FS/ss,8,8,1,21,14,66.7%,178,12.7,8.5,2,104.9,12.0,114,64,16,2,1,2.0,5,41,4,8.9%
326,Juston Burris\BurrJu00,CLE,26,cb/DB,14,9,2,18,11,61.1%,156,14.2,8.7,3,89.1,8.0,75,81,25,3,1,1.0,5,32,5,13.5%
327,Jurrell Casey*\CaseJu00,TEN,30,DT/RDE,14,14,0,0,0,,0,,,0,,,0,0,0,12,4,5.0,21,44,5,10.2%
328,William Compton\CompWi00,OAK,30,,9,4,0,16,14,87.5%,131,9.4,8.2,0,100.8,2.9,38,93,9,1,0,0.0,1,41,2,4.7%
329,Fletcher Cox*\CoxxFl00,PHI,29,RDT,16,16,0,2,1,50.0%,10,10.0,5.0,0,64.6,2.0,-1,11,0,10,6,3.5,21,40,5,11.1%
330,Tyeler Davison\DaviTy01,ATL,27,RDT,16,12,0,0,0,,0,,,0,,,0,0,0,2,1,1.0,4,55,0,0.0%
331,Samson Ebukam\EbukSa00,LAR,24,ROLB,16,5,0,11,7,63.6%,53,7.6,4.8,0,75.2,1.9,11,42,57,5,5,4.5,15,48,5,9.4%
332,William Gholston\GholWi00,TAM,28,RDE,16,8,0,1,1,100.0%,15,15.0,15.0,0,118.7,0.0,0,15,6,3,6,1.0,12,38,2,5.0%
333,Everson Griffen*\GrifEv99,MIN,32,DE/RDE,15,15,1,4,3,75.0%,12,4.0,3.0,0,37.5,-3.0,-1,13,0,13,13,8.0,35,41,5,10.9%
334,William Jackson III\JackWi02,CIN,27,RCB,14,13,1,67,39,58.2%,549,14.1,8.2,3,93.4,11.3,392,157,2,0,0,0.0,0,37,3,7.5%
335,Linval Joseph\JoseLi99,MIN,31,LDT/NT,13,13,0,0,0,,0,,,0,,,0,0,0,2,2,3.0,7,44,1,2.2%
336,Arthur Maulet\MaulAr00,NYJ,26,rcb,12,6,1,42,28,66.7%,269,9.6,6.4,0,74.4,8.6,167,102,1,0,0,0.0,0,38,6,13.6%
337,Will Parks\ParkWi01,DEN,25,db/fs,14,7,1,37,21,56.8%,264,12.6,7.1,3,94.9,10.3,174,90,12,1,1,1.0,3,35,7,16.7%
338,Robert Quinn\QuinRo00,DAL,29,DE/RDE,14,14,0,3,1,33.3%,6,6.0,2.0,0,42.4,-0.7,-4,10,0,12,11,11.5,35,34,4,10.5%
339,Kiko Alonso\AlonKi00,NOR,29,,13,4,0,18,14,77.8%,105,7.5,5.8,1,109.5,8.0,72,33,23,4,1,0.0,5,31,2,6.1%
340,Derek Barnett\BarnDe01,PHI,23,LDE,14,14,0,1,1,100.0%,14,14.0,14.0,0,118.7,11.0,11,3,2,4,15,6.5,26,30,3,9.1%
341,Malcolm Butler\ButlMa01,TEN,29,rcb,9,9,2,57,36,63.2%,460,12.8,8.1,3,91.3,12.6,324,136,3,0,0,0.0,0,32,6,15.8%
342,Lorenzo Carter\CartLo01,NYG,24,ROLB,15,12,0,5,3,60.0%,35,11.7,7.0,0,81.2,9.0,-7,42,78,9,9,4.5,23,45,8,15.1%
343,Darqueze Dennard\DennDa00,CIN,28,cb/db,9,5,0,35,17,48.6%,188,11.1,5.4,1,74.5,5.0,77,111,11,2,2,0.0,4,37,3,7.5%
344,Kemal Ishmael\IshmKe00,ATL,28,/ss,14,3,0,19,16,84.2%,204,12.8,10.7,2,146.5,8.9,134,70,7,1,0,0.0,1,44,3,6.4%
345,Kevin Johnson\JohnKe04,BUF,27,/cb,16,1,0,44,26,59.1%,301,11.6,6.8,0,79.8,9.1,201,100,6,0,0,1.0,1,36,6,14.3%
346,Sebastian Joseph\JoseSe00,LAR,24,,16,15,0,1,1,100.0%,4,4.0,4.0,0,83.3,-6.0,-6,10,3,5,1,2.0,8,44,3,6.4%
347,Cassius Marsh\MarsCa00,ARI,27,,16,3,0,7,7,100.0%,73,10.4,10.4,0,110.1,-0.6,-4,77,55,5,3,2.5,11,36,4,10.0%
348,Jordan Phillips\PhilJo01,BUF,27,dt/LDT,16,9,0,1,1,100.0%,15,15.0,15.0,0,118.7,-5.0,-5,20,0,5,5,9.5,20,31,8,20.5%
349,Will Redmond\RedmWi00,GNB,26,,13,4,0,7,5,71.4%,68,13.6,9.7,0,102.1,11.3,38,30,6,0,0,0.0,0,36,4,10.0%
350,Kyzir White\WhitKy00,LAC,23,rlb,16,7,1,16,12,75.0%,92,7.7,5.8,1,83.3,1.8,22,70,4,0,0,0.0,0,40,3,7.0%
351,Wesley Woodyard\WoodWe20,TEN,33,/il,15,2,0,22,17,77.3%,202,11.9,9.2,1,119.9,6.5,109,93,13,1,1,1.0,3,42,5,10.6%
352,Michael Bennett\BennMi99,2TM,34,,15,1,0,1,1,100.0%,-6,-6.0,-6.0,0,79.2,-5.0,-5,-1,0,8,9,6.5,24,32,2,5.9%
353,Marquise Blair\BlaiMa01,SEA,22,,14,3,0,17,11,64.7%,128,11.6,7.5,2,126.6,6.4,83,45,1,0,0,0.0,0,32,4,11.1%
354,Rasul Douglas\DougRa00,PHI,24,rcb,16,6,0,72,41,56.9%,637,15.5,8.8,6,114.2,13.0,448,189,2,0,1,0.0,1,35,2,5.4%
355,Javien Elliott\ElliJa01,CAR,26,,16,3,1,36,28,77.8%,283,10.1,7.9,0,87.8,4.8,110,173,17,0,1,0.5,2,38,4,9.5%
356,Clelin Ferrell\FerrCl00,OAK,22,LDE,15,15,0,4,3,75.0%,12,4.0,3.0,0,77.1,2.0,-3,15,0,8,2,4.5,15,38,5,11.6%
357,John Johnson\JohnJo10,LAR,24,ss,6,5,2,23,16,69.6%,214,13.4,9.3,1,77.1,9.5,122,92,5,0,0,0.0,0,51,7,12.1%
358,Dexter Lawrence\LawrDe03,NYG,22,RDE,16,16,0,3,3,100.0%,12,4.0,4.0,0,83.3,-3.0,-9,21,0,5,5,2.5,15,38,5,11.6%
359,Trent Murphy\MurpTr00,BUF,29,LDE,16,16,1,3,2,66.7%,14,7.0,4.7,0,37.5,0.3,6,8,3,9,5,5.0,19,36,5,12.2%
360,Carl Nassib\NassCa00,TAM,26,de/lolb,14,8,0,2,2,100.0%,19,9.5,9.5,0,106.2,5.5,11,8,84,5,5,6.0,17,34,4,10.5%
361,Ed Oliver\OlivEd00,BUF,22,rdt,16,7,0,1,1,100.0%,8,8.0,8.0,0,100.0,4.0,4,4,0,4,3,5.0,12,43,3,6.5%
362,Jason Pierre-Paul\PierJa99,TAM,30,LOLB,10,8,0,4,4,100.0%,38,9.5,9.5,0,106.2,3.3,13,25,23,9,6,8.5,24,27,8,22.9%
363,LeShaun Sims\SimsLe00,TEN,26,,14,2,0,33,22,66.7%,310,14.1,9.4,3,127.1,11.7,179,131,1,0,0,0.0,0,35,6,14.6%
364,Terrell Suggs\SuggTe99,2TM,37,,15,13,0,3,3,100.0%,58,19.3,19.3,0,118.7,3.3,10,48,86,6,3,6.5,17,40,8,16.7%
365,Nick Williams\WillNi01,CHI,29,dt,16,5,0,2,2,100.0%,8,4.0,4.0,0,83.3,-0.5,-1,9,0,3,3,6.0,12,42,0,0.0%
366,Ahkello Witherspoon\WithAh00,SFO,24,rcb,10,8,1,53,30,56.6%,376,12.5,7.1,6,108.7,10.9,215,161,3,0,0,0.0,0,28,7,20.0%
367,Josh Bynes\ByneJo00,BAL,30,il/LILB,12,7,2,16,11,68.8%,106,9.6,6.6,0,47.4,1.6,16,90,37,2,1,1.0,4,46,6,11.5%
368,B.J. Goodson\GoodB.00,GNB,26,il/RILB,15,9,0,9,7,77.8%,49,7.0,5.4,1,126.4,1.4,14,35,6,0,0,0.0,0,37,2,5.1%
369,Marcell Harris\HarrMa03,SFO,25,,13,4,0,17,10,58.8%,115,11.5,6.8,2,118.5,10.2,77,38,9,1,1,0.0,2,40,7,14.9%
370,Derwin James\JameDe00,LAC,23,fs,5,5,0,14,12,85.7%,43,3.6,3.1,1,103.3,0.0,-5,48,17,1,0,0.0,1,34,4,10.5%
371,Chris Jones*\JoneCh09,KAN,25,LDT,13,12,0,1,0,0.0%,7,,7.0,0,56.2,0.0,0,7,0,7,11,9.0,27,36,2,5.3%
372,Dean Lowry\LowrDe00,GNB,25,LDE,16,16,1,0,0,,0,,,0,,,0,0,0,3,2,0.0,5,47,4,7.8%
373,Uchenna Nwosu\NwosUc00,LAC,23,,16,3,0,7,5,71.4%,18,3.6,2.6,0,74.1,4.3,2,16,20,10,5,2.0,17,31,7,18.4%
374,Emmanuel Ogbah\OgbaEm00,KAN,26,/de,10,4,0,0,0,,0,,,0,,,0,0,0,4,5,5.5,14,32,5,13.5%
375,Adrian Phillips\PhilAd00,LAC,27,db/ss,7,5,0,17,15,88.2%,109,7.3,6.4,0,93.4,4.5,72,37,4,0,0,0.0,0,36,6,14.3%
376,Reggie Ragland\RaglRe00,KAN,26,il/RLB,14,7,0,14,9,64.3%,60,6.7,4.3,0,73.5,1.3,16,44,28,2,1,2.0,4,30,1,3.2%
377,Marvell Tell III\TellMa00,IND,23,,13,1,0,35,20,57.1%,244,12.2,7.0,2,97.8,9.9,172,72,1,0,0,0.0,0,26,0,0.0%
378,Darian Thompson\ThomDa05,DAL,26,,15,4,0,16,10,62.5%,156,15.6,9.8,2,134.4,13.7,108,48,7,0,0,1.5,2,45,6,11.8%
379,Dalvin Tomlinson\TomlDa00,NYG,25,NT,16,16,0,0,0,,0,,,0,,,0,0,0,3,5,3.5,13,49,3,5.8%
380,Derek Wolfe\WolfDe00,DEN,29,DE/RDE,12,12,0,1,0,0.0%,0,,0.0,0,39.6,-5.0,0,0,0,5,6,7.0,18,34,3,8.1%
381,Kwon Alexander\AlexKw00,SFO,25,LLB,8,8,1,21,13,61.9%,86,6.6,4.1,0,50.9,3.2,9,77,13,2,0,0.5,3,34,7,17.1%
382,Vernon Butler\ButlVe00,CAR,25,de/RDE,14,9,0,0,0,,0,,,0,,,0,0,0,2,4,6.0,12,32,2,5.9%
383,Jermaine Carter Jr.\CartJe00,CAR,24,LILB,16,5,0,12,9,75.0%,70,7.8,5.8,0,88.9,4.3,41,29,12,1,2,0.5,4,31,3,8.8%
384,Samuel Eguavoen\EguaSa00,MIA,26,LOLB,16,6,0,10,7,70.0%,61,8.7,6.1,0,85.8,4.1,27,34,63,1,4,3.5,9,42,7,14.3%
385,L.J. Fort\FortL.00,2TM,29,,16,8,0,16,11,68.8%,95,8.6,5.9,0,84.1,2.1,9,86,26,4,0,2.0,6,37,4,9.8%
386,Bruce Irvin\IrviBr00,CAR,32,ROLB,13,12,0,3,3,100.0%,44,14.7,14.7,0,118.7,-1.3,-4,48,41,9,5,8.5,23,36,5,12.2%
387,Trumaine Johnson\JohnTr05,NYJ,29,cb/lcb,7,5,1,27,20,74.1%,219,11.0,8.1,1,94.5,10.4,152,67,2,0,0,0.0,0,25,0,0.0%
388,Darron Lee\LeexDa00,KAN,25,/il,16,2,0,15,15,100.0%,130,8.7,8.7,0,102.8,2.3,35,95,11,1,0,0.0,1,31,5,13.9%
389,David Onyemata\OnyeDa00,NOR,27,LDT,15,15,0,2,2,100.0%,21,10.5,10.5,0,110.4,3.5,7,14,0,6,6,3.0,15,32,4,11.1%
390,Roy Robertson-Harris\RobeRo00,CHI,26,LDE,15,7,0,1,1,100.0%,0,0.0,0.0,0,79.2,0.0,0,0,0,7,6,2.5,16,30,5,14.3%
391,Ndamukong Suh\SuhxNd99,TAM,32,LDE,16,16,0,1,0,0.0%,0,,0.0,0,39.6,-4.0,0,0,0,10,10,2.5,24,41,3,6.8%
392,Andrew Wingard\WingAn01,JAX,23,,16,2,0,6,6,100.0%,111,18.5,18.5,2,158.3,12.8,77,34,10,1,1,1.0,3,30,3,9.1%
393,Tyson Alualu\AluaTy99,PIT,32,rde,16,5,0,1,1,100.0%,18,18.0,18.0,0,118.7,-6.0,-6,24,0,3,2,1.0,6,41,3,6.8%
394,Corey Ballentine\BallCo00,NYG,23,,13,2,0,42,27,64.3%,393,14.6,9.4,4,126.4,11.6,247,146,7,0,1,0.0,1,26,1,3.7%
395,Jadeveon Clowney\ClowJa00,SEA,26,DE/LDE,13,11,1,2,1,50.0%,4,4.0,2.0,0,16.7,-1.0,1,3,1,17,10,3.0,30,31,4,11.4%
396,Poona Ford\FordPo00,SEA,24,RDT,15,14,0,1,0,0.0%,0,,0.0,0,39.6,-5.0,0,0,0,1,2,0.5,4,32,5,13.5%
397,Najee Goode\GoodNa00,JAX,30,,10,4,0,21,15,71.4%,149,9.9,7.1,1,107.0,2.3,33,116,12,1,0,1.0,2,27,6,18.2%
398,Nate Hairston\HairNa00,NYJ,25,LCB,11,6,1,34,24,70.6%,390,16.3,11.5,3,125.9,10.3,202,188,4,0,1,0.0,1,24,8,25.0%
399,Jordan Jenkins\JenkJo01,NYJ,25,LLB,14,13,0,7,6,85.7%,24,4.0,3.4,0,81.0,1.3,-2,26,58,4,4,8.0,16,32,3,8.6%
400,Josey Jewell\JeweJo00,DEN,25,,15,3,0,14,11,78.6%,100,9.1,7.1,0,96.4,6.2,44,56,9,1,0,1.5,3,38,6,13.6%
401,DaQuan Jones\JoneDa04,TEN,28,NT,16,16,0,3,2,66.7%,16,8.0,5.3,0,79.9,6.3,12,4,0,6,2,1.0,9,42,6,12.5%
402,Tanoh Kpassagnon\KpasTa00,KAN,25,LDE,16,8,0,1,1,100.0%,37,37.0,37.0,0,118.7,4.0,4,33,1,5,7,4.0,16,29,3,9.4%
403,Shaq Lawson\LawsSh00,BUF,25,,15,0,0,2,2,100.0%,7,3.5,3.5,0,81.2,2.0,4,3,0,12,9,6.5,28,32,7,17.9%
404,Steve McLendon\McLeSt00,NYJ,33,LDT,16,16,0,2,2,100.0%,39,19.5,19.5,1,158.3,-5.0,-10,49,0,4,3,2.5,10,36,2,5.3%
405,Kevin Minter\MintKe00,TAM,29,,16,2,0,23,19,82.6%,223,11.7,9.7,1,121.6,7.0,137,86,46,4,1,0.0,5,34,6,15.0%
406,Al-Quadin Muhammad\MuhaAl00,IND,24,,16,4,0,2,2,100.0%,15,7.5,7.5,0,97.9,1.5,3,12,0,3,5,3.0,11,28,4,12.5%
407,Kyle Phillips\PhilKy00,NYJ,24,,15,4,0,3,3,100.0%,40,13.3,13.3,0,118.7,2.0,6,34,0,5,2,1.5,9,39,4,9.3%
408,Joe Thomas\ThomJo04,DAL,28,,15,2,0,12,7,58.3%,67,9.6,5.6,0,74.0,4.8,1,66,15,1,0,0.0,1,33,3,8.3%
409,Leonard Williams\WillLe02,2TM,25,,15,12,0,1,1,100.0%,6,6.0,6.0,0,91.7,6.0,6,0,0,8,14,0.5,23,46,3,6.1%
410,Blidi Wreh-Wilson\WrehBl00,ATL,30,,14,2,0,33,15,45.5%,226,15.1,6.8,1,78.6,11.3,151,75,0,0,0,0.0,0,25,4,13.8%
411,Mario Addison\AddiMa00,CAR,32,LOLB,15,15,0,3,2,66.7%,19,9.5,6.3,0,84.0,7.7,13,6,4,8,3,9.5,22,34,1,2.9%
412,Denico Autry\AutrDe00,IND,29,DT,14,14,0,0,0,,0,,,0,,,0,0,1,7,5,3.5,17,32,3,8.6%
413,Sam Beal\BealSa00,NYG,23,,6,3,0,21,16,76.2%,171,10.7,8.1,1,115.4,9.1,128,43,0,0,0,0.0,0,26,0,0.0%
414,Tyus Bowser\BowsTy00,BAL,24,,16,0,0,5,2,40.0%,8,4.0,1.6,0,47.9,0.8,-1,9,84,4,5,5.0,14,24,1,4.0%
415,Kris Boyd\BoydKr00,MIN,23,,16,0,0,13,9,69.2%,93,10.3,7.2,0,89.6,8.1,55,38,0,0,0,0.0,0,22,2,8.3%
416,Christian Covington\CoviCh00,DAL,26,de/rdt,16,6,0,1,0,0.0%,0,,0.0,0,39.6,-5.0,0,0,0,1,1,1.0,3,28,5,15.2%
417,Vinny Curry\CurrVi00,PHI,31,,16,2,0,2,2,100.0%,13,6.5,6.5,0,93.7,5.0,10,3,0,7,6,5.0,18,27,1,3.6%
418,Jaylon Ferguson\FergJa02,BAL,24,LOLB,14,9,0,2,2,100.0%,-4,-2.0,-2.0,0,79.2,-4.0,-8,4,110,4,6,2.5,13,31,3,8.8%
419,Myles Garrett\GarrMy00,CLE,24,LDE,10,10,0,1,1,100.0%,9,9.0,9.0,0,104.2,5.0,5,4,7,10,9,10.0,29,29,1,3.3%
420,Eddie Goldman\GoldEd00,CHI,25,NT,15,15,0,0,0,,0,,,0,,,0,0,0,4,1,1.0,6,29,2,6.5%
421,Rodney Gunter\GuntRo00,ARI,27,DE/RDE,13,13,0,0,0,,0,,,0,,,0,0,0,3,6,3.0,13,31,2,6.1%
422,John Jenkins\JenkJo00,MIA,30,de/lde,16,5,0,0,0,,0,,,0,,,0,0,0,1,0,1.0,2,34,3,8.1%
423,Nevin Lawson\LawsNe00,OAK,28,db,11,5,0,26,14,53.8%,198,14.1,7.6,2,104.3,11.3,133,65,5,0,0,0.0,0,24,2,7.7%
424,Ryan Lewis\LewiRy01,3TM,25,,13,3,1,36,21,58.3%,344,16.4,9.6,1,88.2,15.9,272,72,0,0,0,0.0,0,28,1,3.4%
425,Craig Robertson\RobeCr00,NOR,31,,15,1,1,14,13,92.9%,97,7.5,6.9,1,89.6,3.7,40,57,14,0,1,1.0,2,27,6,18.2%
426,Jabaal Sheard\SheaJa00,IND,30,DE/RDE,13,12,0,5,4,80.0%,21,5.3,4.2,0,84.2,4.6,7,14,0,11,4,4.5,20,25,7,21.9%
427,Olivier Vernon\VernOl00,CLE,29,RDE,10,10,0,2,1,50.0%,-1,-1.0,-0.5,0,56.2,-0.5,-1,0,21,8,5,3.5,17,26,8,23.5%
428,Jaylen Watkins\WatkJa01,LAC,28,/ss,14,3,0,29,24,82.8%,223,9.3,7.7,1,110.2,7.0,107,116,2,1,0,0.0,1,29,3,9.4%
429,Deatrich Wise Jr.\WiseDe00,NWE,25,,14,3,0,0,0,,0,,,0,,,0,0,0,7,5,2.0,14,26,2,7.1%
430,Blessuan Austin\AustBl00,NYJ,23,rcb,7,6,0,37,23,62.2%,265,11.5,7.2,1,92.7,8.5,173,92,0,0,0,0.0,0,25,6,19.4%
431,Brian Burns\BurnBr00,CAR,21,rolb,16,5,0,1,1,100.0%,4,4.0,4.0,0,83.3,-6.0,-6,10,12,8,7,7.5,23,25,3,10.7%
432,Duron Harmon\HarmDu00,NWE,28,db/ss,16,8,2,15,8,53.3%,118,14.8,7.9,0,39.7,13.8,104,14,20,0,2,0.0,2,22,2,8.3%
433,Travin Howard\HowaTr00,LAR,23,,16,0,0,15,9,60.0%,106,11.8,7.1,0,81.5,7.7,59,47,1,0,0,0.0,0,22,0,0.0%
434,D.J. Jones\JoneD.01,SFO,24,LDT,11,11,0,1,1,100.0%,4,4.0,4.0,0,83.3,-2.0,-2,6,0,2,0,2.0,4,23,2,8.0%
435,Sidney Jones\JoneSi00,PHI,23,,12,4,2,31,16,51.6%,189,11.8,6.1,2,65.1,11.0,98,91,1,0,0,0.0,0,23,2,8.0%
436,Jayron Kearse\KearJa00,MIN,25,/fs,15,3,1,21,12,57.1%,106,8.8,5.0,0,50.9,8.9,56,50,7,0,0,0.0,0,28,1,3.4%
437,Trey Marshall\MarsTr00,DEN,23,,16,2,0,11,8,72.7%,150,18.8,13.6,0,114.8,18.7,129,21,0,0,0,0.0,0,25,1,3.8%
438,Bobby McCain\McCaBo01,MIA,26,FS,9,8,2,18,12,66.7%,157,13.1,8.7,3,94.0,13.3,121,36,13,1,0,0.0,1,25,10,28.6%
439,Corey Peters\PeteCo00,ARI,31,NT,16,16,0,0,0,,0,,,0,,,0,0,0,5,3,2.5,11,38,7,15.6%
440,Michael Pierce\PierMi00,BAL,27,NT,14,14,0,0,0,,0,,,0,,,0,0,1,1,1,0.5,3,35,1,2.8%
441,Vita Vea\VeaxVi00,TAM,24,NT,16,16,0,2,1,50.0%,13,13.0,6.5,0,70.8,0.5,-3,16,2,7,10,2.5,22,35,4,10.3%
442,Troy Apke\ApkeTr00,WAS,24,,15,2,1,6,4,66.7%,50,12.5,8.3,0,52.8,6.0,30,20,0,0,0,0.0,0,26,3,10.3%
443,Geno Atkins*\AtkiGe99,CIN,31,RDE,16,14,0,1,1,100.0%,16,16.0,16.0,0,118.7,-4.0,-4,20,0,10,5,4.5,20,47,6,11.3%
444,Tarell Basham\BashTa00,NYJ,25,,16,2,1,10,9,90.0%,70,7.8,7.0,0,56.2,4.4,38,32,32,10,2,2.0,14,33,2,5.7%
445,Andrew Billings\BillAn00,CIN,24,NT,16,14,0,0,0,,0,,,0,,,0,0,0,2,2,1.0,5,35,4,10.3%
446,Malcom Brown\BrowMa01,NOR,25,RDT,16,16,0,2,1,50.0%,8,8.0,4.0,0,60.4,-1.0,5,3,0,1,1,2.0,4,34,2,5.6%
447,Taven Bryan\BryaTa00,JAX,23,RDT,16,8,0,1,1,100.0%,9,9.0,9.0,0,104.2,2.0,2,7,0,3,7,2.0,12,33,7,17.5%
448,P.J. Hall\HallP.00,OAK,24,LDT,16,12,0,0,0,,0,,,0,,,0,0,0,3,1,1.5,6,26,5,16.1%
449,Justin Jones\JoneJu03,LAC,24,LDT,12,12,0,3,3,100.0%,8,2.7,2.7,0,79.2,-3.0,-9,17,0,4,2,0.0,6,30,5,14.3%
450,Miles Killebrew\KillMi00,DET,26,,15,1,0,5,3,60.0%,44,14.7,8.8,0,88.7,8.4,6,38,7,0,0,0.0,0,20,2,9.1%
451,Takkarist McKinley\McKiTa00,ATL,24,LDE,14,13,0,2,2,100.0%,28,14.0,14.0,0,118.7,3.5,7,21,1,11,5,3.5,20,29,4,12.1%
452,Derrick Nnadi\NnadDe00,KAN,23,RDT,16,16,1,0,0,,0,,,0,,,0,0,0,3,1,1.0,5,48,3,5.9%
453,Ifeadi Odenigbo\OdenIf00,MIN,25,,16,0,0,0,0,,0,,,0,,,0,0,0,4,7,7.0,18,23,1,4.2%
454,Amani Oruwariye\OruwAm00,DET,23,,9,2,2,25,19,76.0%,212,11.2,8.5,3,107.0,10.2,142,70,1,0,0,0.0,0,19,1,5.0%
455,Elandon Roberts\RobeEl00,NWE,25,/il,16,3,0,8,6,75.0%,60,10.0,7.5,0,95.8,5.1,33,27,17,0,2,1.0,3,29,1,3.3%
456,Jeffery Simmons\SimmJe01,TEN,22,LDE,9,7,0,1,1,100.0%,9,9.0,9.0,0,104.2,0.0,0,9,0,3,0,2.0,5,32,3,8.6%
457,Tye Smith\SmitTy01,TEN,26,,9,3,0,22,15,68.2%,160,10.7,7.3,1,104.4,9.9,105,55,0,0,0,0.0,0,26,0,0.0%
458,Jamar Taylor\TaylJa01,2TM,29,,12,0,0,41,25,61.0%,275,11.0,6.7,1,89.0,9.8,157,118,14,0,0,0.0,0,23,2,8.0%
459,Stephon Tuitt\TuitSt00,PIT,26,RDE,6,6,0,0,0,,0,,,0,,,0,0,0,4,2,3.5,10,22,3,12.0%
460,Terrence Brooks\BrooTe00,NWE,27,,15,0,1,18,11,61.1%,112,10.2,6.2,0,55.8,5.6,75,37,13,0,3,0.0,3,24,1,4.0%
461,Zach Brown\BrowZa00,PHI,30,mlb,6,6,0,13,9,69.2%,86,9.6,6.6,0,87.3,1.5,14,72,10,0,0,0.0,0,31,2,6.1%
462,Adam Butler\ButlAd00,NWE,25,,16,2,0,1,0,0.0%,0,,0.0,0,39.6,1.0,0,0,0,0,1,6.0,9,26,1,3.7%
463,Kamu Grugier-Hill\GrugKa00,PHI,25,LLB,10,6,0,14,12,85.7%,83,6.9,5.9,0,91.4,1.7,11,72,18,1,0,0.0,1,23,3,11.5%
464,Chris Jones\JoneCh06,ARI,24,,11,3,0,25,14,56.0%,212,15.1,8.5,0,84.1,16.7,138,74,4,0,0,0.0,0,22,3,12.0%
465,Reshad Jones\JoneRe99,MIA,31,/fs,4,4,0,12,10,83.3%,130,13.0,10.8,2,151.4,6.3,71,59,8,1,0,0.0,1,27,2,6.9%
466,Kameron Kelly\KellKa02,PIT,23,,14,1,1,10,10,100.0%,141,14.1,14.1,2,118.7,9.7,97,44,1,0,0,0.0,0,21,4,16.0%
467,Tyler Lancaster\LancTy00,GNB,25,RDE,16,10,0,1,1,100.0%,2,2.0,2.0,0,79.2,-5.0,-5,7,0,1,0,1.5,3,30,2,6.3%
468,Carl Lawson\LawsCa00,CIN,24,,12,2,0,9,7,77.8%,95,13.6,10.6,0,110.6,3.4,30,65,9,4,14,5.0,23,23,4,14.8%
469,Pernell McPhee\McPhPe00,BAL,31,lolb,7,7,0,3,3,100.0%,17,5.7,5.7,0,90.3,0.7,2,15,43,3,3,3.0,9,19,0,0.0%
470,Tony McRae\McRaTo00,CIN,26,/cb,16,2,0,19,14,73.7%,224,16.0,11.8,1,130.2,9.9,120,104,7,0,1,0.0,1,22,1,4.3%
471,Terrance Mitchell\MitcTe00,CLE,27,,15,4,1,30,18,60.0%,212,11.8,7.1,0,67.6,9.4,126,86,0,0,0,0.0,0,21,2,8.7%
472,Chad Thomas\ThomCh06,CLE,24,lde,16,8,0,5,4,80.0%,20,5.0,4.0,0,83.3,-0.2,-5,25,9,5,0,4.0,9,26,4,13.3%
473,Ken Webster\WebsKe00,MIA,23,lcb,8,5,0,27,14,51.9%,219,15.6,8.1,1,91.4,16.3,188,31,0,0,0,0.0,0,19,1,5.0%
474,Chase Winovich\WinoCh00,NWE,24,,16,0,0,2,2,100.0%,17,8.5,8.5,0,102.1,-2.0,-4,21,6,9,3,5.5,19,26,2,7.1%
475,Chris Wormley\WormCh00,BAL,26,de/RDE,16,7,0,0,0,,0,,,0,,,0,0,0,4,4,1.5,10,33,1,2.9%
476,Kentrell Brothers\BrotKe00,MIN,26,,13,1,0,13,11,84.6%,82,7.5,6.3,0,92.9,4.9,35,47,2,0,0,0.0,0,23,0,0.0%
477,Deone Bucannon\BucaDe00,2TM,27,,14,1,0,12,8,66.7%,86,10.8,7.2,0,87.5,2.9,46,40,15,1,1,0.0,2,28,3,9.7%
478,Bradley Chubb\ChubBr00,DEN,23,,4,4,0,2,2,100.0%,34,17.0,17.0,0,118.7,1.5,3,31,13,5,4,1.0,10,21,8,27.6%
479,Adrian Colbert\ColbAd00,MIA,26,fs,6,5,0,6,2,33.3%,11,5.5,1.8,1,81.9,30.7,9,2,1,1,0,0.0,1,22,5,18.5%
480,Jamel Dean\DeanJa00,TAM,23,db,13,5,2,52,26,50.0%,317,12.2,6.1,3,72.4,10.4,198,119,0,0,0,0.0,0,21,2,8.7%
481,Trent Harris\HarrTr01,MIA,24,,11,3,0,2,2,100.0%,17,8.5,8.5,0,102.1,6.0,12,5,16,2,1,1.5,5,22,3,12.0%
482,Ryan Kerrigan\KerrRy00,WAS,31,ROLB,12,12,0,8,8,100.0%,49,6.1,6.1,0,92.2,2.5,20,29,35,11,6,5.5,25,25,2,7.4%
483,Tyler Matakevich\MataTy00,PIT,27,,16,0,0,0,0,,0,,,0,,,0,0,0,0,0,0.0,0,18,1,5.3%
484,Tarvarius Moore\MoorTa00,SFO,23,,16,3,0,5,1,20.0%,7,7.0,1.4,0,39.6,12.8,-1,8,1,0,0,0.0,0,25,5,16.7%
485,Malik Reed\ReedMa01,DEN,23,LOLB,15,8,0,6,4,66.7%,32,8.0,5.3,0,79.9,3.2,-6,38,38,6,3,2.0,9,27,2,6.9%
486,Josh Sweat\SweaJo00,PHI,22,,16,0,0,1,1,100.0%,1,1.0,1.0,1,118.7,1.0,1,0,2,5,5,4.0,15,21,0,0.0%
487,Al Woods\WoodAl99,SEA,32,dt/ldt,14,5,0,1,0,0.0%,0,,0.0,0,39.6,1.0,0,0,0,4,0,1.0,5,32,6,15.8%
488,Walt Aikens\AikeWa00,MIA,28,,15,0,0,10,10,100.0%,134,13.4,13.4,1,152.1,6.5,65,69,5,0,0,0.0,0,21,0,0.0%
489,Maliek Collins\CollMa00,DAL,24,DT/LDT,16,16,0,1,1,100.0%,10,10.0,10.0,0,108.3,-8.0,-8,18,0,12,5,4.0,21,20,3,13.0%
490,Marcus Davenport\DaveMa00,NOR,23,RDE,13,13,0,2,1,50.0%,-7,-7.0,-3.5,0,56.2,-0.5,-7,0,10,12,8,6.0,26,31,2,6.1%
491,Duke Dawson\DawsDu00,DEN,23,,14,3,0,20,15,75.0%,124,8.3,6.2,0,90.4,4.5,61,63,8,1,0,0.0,1,19,3,13.6%
492,T.J. Edwards\EdwaTJ02,PHI,23,,16,4,0,5,2,40.0%,21,10.5,4.2,0,52.9,6.8,13,8,1,0,0,0.0,0,30,1,3.2%
493,Rasheem Green\GreeRa01,SEA,22,RDE,16,8,0,0,0,,0,,,0,,,0,0,0,10,1,4.0,15,27,3,10.0%
494,B.J. Hill\HillB.00,NYG,24,LDE,16,5,0,1,1,100.0%,-6,-6.0,-6.0,0,79.2,-7.0,-7,1,0,3,1,1.0,5,36,2,5.3%
495,Delano Hill\HillDe02,SEA,24,,12,4,0,6,3,50.0%,76,25.3,12.7,0,95.8,19.2,61,15,2,1,0,0.0,1,25,5,16.7%
496,Amani Hooker\HookAm00,TEN,21,,16,0,0,13,6,46.2%,67,11.2,5.2,0,62.0,9.5,54,13,2,1,0,0.0,1,20,1,4.8%
497,Jaleel Johnson\JohnJa09,MIN,25,,16,3,0,0,0,,0,,,0,,,0,0,0,1,1,3.5,6,29,1,3.3%
498,Abry Jones\JoneAb00,JAX,28,LDT,16,15,0,0,0,,0,,,0,,,0,0,0,0,0,2.0,3,31,2,6.1%
499,Gerald McCoy\McCoGe99,CAR,31,DT/LDE,16,16,0,1,1,100.0%,14,14.0,14.0,0,118.7,-7.0,-7,21,0,10,6,5.0,22,37,5,11.9%
500,Brandon Mebane\MebaBr99,LAC,34,NT/RDT,13,13,0,0,0,,0,,,0,,,0,0,0,3,1,1.0,5,27,5,15.6%
501,Eric Murray\MurrEr00,CLE,25,/fs,9,4,0,20,13,65.0%,119,9.2,6.0,0,81.0,9.4,76,43,16,0,0,1.0,1,24,8,25.0%
502,Bilal Nichols\NichBi00,CHI,23,RDE,13,12,0,1,1,100.0%,2,2.0,2.0,0,79.2,-3.0,-3,5,0,2,2,0.0,4,27,2,6.9%
503,Alex Okafor\OkafAl00,KAN,28,LDE,10,9,0,2,1,50.0%,5,5.0,2.5,0,56.2,3.5,5,0,0,1,4,5.0,10,22,2,8.3%
504,Steven Parker\ParkSt00,MIA,24,,14,4,2,13,7,53.8%,107,15.3,8.2,2,81.2,8.2,46,61,3,0,0,0.0,0,20,3,13.0%
505,Kevin Peterson\PeteKe01,ARI,25,,14,3,0,23,17,73.9%,277,16.3,12.0,0,113.9,8.0,123,154,3,0,0,0.0,0,22,4,15.4%
506,Dontari Poe\PoexDo00,CAR,29,NT,11,10,0,1,0,0.0%,0,,0.0,0,39.6,-2.0,0,0,0,1,2,4.0,7,22,2,8.3%
507,Damion Square\SquaDa00,LAC,30,,16,4,0,4,3,75.0%,28,9.3,7.0,0,93.7,-4.8,-13,41,0,2,1,0.0,3,27,4,12.9%
508,Shamar Stephen\StepSh00,MIN,28,RDT,15,15,0,1,0,0.0%,0,,0.0,0,39.6,-1.0,0,0,0,1,0,1.0,2,21,1,4.5%
509,Solomon Thomas\ThomSo00,SFO,24,,16,3,0,0,0,,0,,,0,,,0,0,0,2,4,2.0,8,21,1,4.5%
510,J.J. Watt\WattJ.00,HOU,30,LDE,8,8,0,0,0,,0,,,0,,,0,0,1,7,12,4.0,24,24,3,11.1%
511,Quinnen Williams\WillQu00,NYJ,22,RDT,13,9,0,0,0,,0,,,0,,,0,0,0,5,3,2.5,11,28,3,9.7%
512,Kenny Young\YounKe03,2TM,25,,14,3,0,4,4,100.0%,70,17.5,17.5,1,158.3,2.8,11,59,7,0,2,0.0,2,17,1,5.6%
513,Henry Anderson\AndeHe00,NYJ,28,LDE,13,13,0,3,3,100.0%,19,6.3,6.3,0,93.1,4.7,14,5,0,6,7,1.0,14,25,2,7.4%
514,Jeremiah Attaochu\AttaJe00,DEN,26,lolb,12,5,0,7,7,100.0%,106,15.1,15.1,1,158.3,-0.9,-6,112,10,4,2,3.5,10,21,2,8.7%
515,Anthony Averett\AverAn00,BAL,25,,9,3,0,36,21,58.3%,269,12.8,7.5,1,91.1,13.6,220,49,1,0,0,0.0,0,15,3,16.7%
516,Allen Bailey\BailAl00,ATL,30,rde,15,5,0,1,0,0.0%,0,,0.0,0,39.6,-5.0,0,0,0,1,1,1.0,3,26,8,23.5%
517,Ronald Blair\BlaiRo00,SFO,26,,9,0,0,0,0,,0,,,0,,,0,0,0,6,0,3.0,9,21,2,8.7%
518,Jonathan Bullard\BullJo00,ARI,26,LDE,9,6,0,1,1,100.0%,23,23.0,23.0,0,118.7,5.0,5,18,0,2,5,1.5,9,22,6,21.4%
519,Taco Charlton\CharTa00,MIA,25,lde,10,5,0,3,3,100.0%,31,10.3,10.3,0,109.7,1.3,4,27,3,3,2,5.0,10,21,0,0.0%
520,Folorunso Fatukasi\FatuFo00,NYJ,24,,14,0,0,1,1,100.0%,7,7.0,7.0,0,95.8,6.0,6,1,0,2,2,1.0,5,27,1,3.6%
521,Jerry Hughes\HughJe99,BUF,31,RDE,16,16,0,0,0,,0,,,0,,,0,0,1,8,4,4.5,17,23,6,20.7%
522,Margus Hunt\HuntMa00,IND,32,dt/ldt,16,5,0,2,2,100.0%,13,6.5,6.5,0,93.7,-2.0,-4,17,0,1,0,0.0,1,17,3,15.0%
523,Branden Jackson\JackBr04,SEA,27,,15,3,0,3,1,33.3%,12,12.0,4.0,0,46.5,0.7,6,6,0,4,1,2.0,7,20,2,9.1%
524,Quinton Jefferson\JeffQu00,SEA,26,DT/lolb,14,12,0,0,0,,0,,,0,,,0,0,0,5,7,3.5,16,26,5,16.1%
525,Efe Obada\ObadEf00,CAR,27,,16,0,0,0,0,,0,,,0,,,0,0,0,3,3,0.0,6,24,1,4.0%
526,Romeo Okwara\OkwaRo01,DET,24,,14,1,0,5,2,40.0%,9,4.5,1.8,0,47.9,6.2,6,3,6,5,8,1.5,15,28,2,6.7%
527,Patrick Robinson\RobiPa99,NOR,32,,11,0,0,23,13,56.5%,114,8.8,5.0,0,69.8,9.5,78,36,18,0,1,0.0,1,16,2,11.1%
528,Akeem Spence\SpenAk00,2TM,28,,15,0,0,0,0,,0,,,0,,,0,0,0,0,1,0.0,1,18,0,0.0%
529,Grover Stewart\StewGr00,IND,26,LDT,16,13,0,0,0,,0,,,0,,,0,0,0,5,2,3.0,10,30,1,3.2%
530,Sione Takitaki\TakiSi00,CLE,24,,15,1,0,2,2,100.0%,14,7.0,7.0,0,95.8,1.0,2,12,4,1,0,0.0,1,21,1,4.5%
531,Deionte Thompson\ThomDe06,ARI,22,,11,2,0,5,5,100.0%,71,14.2,14.2,0,118.7,7.8,39,32,5,0,1,0.0,1,18,2,10.0%
532,Josh Tupou\TupoJo00,CIN,25,dt,16,7,0,0,0,,0,,,0,,,0,0,0,4,0,0.0,4,27,1,3.6%
533,Stephen Weatherly\WeatSt00,MIN,25,/de,16,1,0,1,1,100.0%,7,7.0,7.0,0,95.8,-3.0,-3,10,0,5,6,3.0,14,24,1,4.0%
534,Darious Williams\WillDa09,LAR,26,,12,3,2,21,15,71.4%,197,13.1,9.4,1,77.0,10.2,125,72,1,0,0,0.0,0,15,1,6.3%
535,Brandon Wilson\WilsBr01,CIN,25,,12,2,0,10,5,50.0%,100,20.0,10.0,0,85.4,13.0,70,30,4,0,0,0.0,0,24,3,11.1%
536,Ugo Amadi\AmadUg00,SEA,22,,16,0,0,11,9,81.8%,76,8.4,6.9,0,95.5,1.1,15,61,5,0,0,0.0,0,17,0,0.0%
537,John Atkins\AtkiJo01,DET,27,dt,12,6,0,0,0,,0,,,0,,,0,0,0,2,0,0.0,2,20,2,9.1%
538,Dylan Cole\ColeDy00,HOU,25,,11,0,0,9,3,33.3%,43,14.3,4.8,0,49.8,4.1,18,25,1,0,0,0.0,0,16,1,5.9%
539,Aaron Colvin\ColvAa00,2TM,28,,7,3,0,23,20,87.0%,289,14.5,12.6,3,158.3,11.0,235,54,0,0,0,0.0,0,15,2,11.8%
540,Kyler Fackrell\FackKy00,GNB,28,,16,0,0,10,8,80.0%,42,5.3,4.2,0,84.2,2.5,8,34,17,3,7,1.0,12,23,3,11.5%
541,Clayton Fejedelem\FejeCl00,CIN,26,,16,0,0,9,6,66.7%,91,15.2,10.1,0,99.8,19.8,63,28,3,1,0,0.0,1,15,0,0.0%
542,Rashan Gary\GaryRa00,GNB,22,,16,0,0,3,2,66.7%,36,18.0,12.0,0,107.6,6.7,20,16,5,2,1,2.0,5,21,3,12.5%
543,Reggie Gilbert\GilbRe01,TEN,26,LOLB,11,5,0,6,5,83.3%,73,14.6,12.2,1,156.9,2.2,16,57,15,1,2,1.0,4,22,1,4.3%
544,J.T. Gray\GrayJ.00,NOR,23,,16,0,0,0,0,,0,,,0,,,0,0,2,0,0,0.0,0,17,0,0.0%
545,Zach Kerr\KerrZa00,ARI,29,/de,12,3,0,0,0,,0,,,0,,,0,0,0,2,2,0.0,4,19,1,5.0%
546,Mike Pennel\PennMi00,KAN,28,,8,0,0,0,0,,0,,,0,,,0,0,1,2,1,1.0,4,24,1,4.0%
547,Khalen Saunders\SaunKh00,KAN,23,,12,4,0,0,0,,0,,,0,,,0,0,0,1,1,1.0,3,22,0,0.0%
548,Cameron Sutton\SuttCa00,PIT,24,,16,0,1,25,14,56.0%,132,9.4,5.3,0,54.1,10.9,84,48,3,0,0,1.0,1,16,2,11.1%
549,Desmond Trufant\TrufDe00,ATL,29,cb/RCB,9,9,4,38,25,65.8%,436,17.4,11.5,4,100.2,13.0,294,142,0,0,0,0.0,0,18,4,18.2%
550,DeMarcus Walker\WalkDe03,DEN,25,,10,1,0,1,0,0.0%,0,,0.0,0,39.6,-2.0,0,0,5,1,1,4.0,6,22,3,12.0%
551,Armani Watts\WattAr00,KAN,23,,16,0,0,4,3,75.0%,37,12.3,9.3,0,103.1,12.8,34,3,2,0,0,1.0,1,17,0,0.0%
552,Brandon Williams\WillBr02,BAL,30,LDE,14,14,0,0,0,,0,,,0,,,0,0,0,0,3,1.0,4,34,1,2.9%
553,Ezekiel Ansah\AnsaEz00,SEA,30,/de,11,1,0,2,0,0.0%,0,,0.0,0,39.6,-0.5,0,0,0,3,4,2.5,10,18,4,18.2%
554,Dorance Armstrong Jr.\ArmsDo00,DAL,22,,15,0,0,0,0,,0,,,0,,,0,0,0,3,3,2.0,8,15,2,11.8%
555,Adrian Clayborn\ClayAd00,ATL,31,/de,15,1,0,1,1,100.0%,16,16.0,16.0,0,118.7,4.0,4,12,0,5,3,4.0,12,18,0,0.0%
556,Morgan Fox\FoxxMo00,LAR,25,,16,3,0,0,0,,0,,,0,,,0,0,0,2,1,2.0,5,18,2,10.0%
557,Phillip Gaines\GainPh00,HOU,28,,6,2,0,24,14,58.3%,184,13.1,7.7,3,122.2,10.5,127,57,1,1,0,0.0,1,13,1,7.1%
558,Antonio Hamilton\HamiAn01,NYG,26,/cb,16,2,0,18,12,66.7%,156,13.0,8.7,0,93.7,11.3,105,51,2,1,0,0.0,1,17,3,15.0%
559,Holton Hill\HillHo00,MIN,22,,8,1,0,9,6,66.7%,70,11.7,7.8,0,90.0,12.7,56,14,0,0,0,0.0,0,13,2,13.3%
560,Justin Hollins\HollJu00,DEN,23,,15,0,0,10,8,80.0%,48,6.0,4.8,1,120.0,2.0,25,23,22,3,1,1.0,4,21,2,8.7%
561,Xavien Howard\HowaXa00,MIA,26,LCB,5,5,1,26,17,65.4%,237,13.9,9.1,3,117.0,11.0,133,104,1,0,0,0.0,0,17,3,15.0%
562,Craig James\JameCr01,PHI,23,,14,1,0,9,5,55.6%,49,9.8,5.4,1,108.1,11.7,27,22,2,0,0,0.0,0,15,1,6.3%
563,Anthony Levine\LeviAn00,BAL,32,,16,0,0,10,7,70.0%,73,10.4,7.3,0,90.8,6.6,34,39,27,1,2,0.0,3,14,2,12.5%
564,Star Lotulelei\LotuSt00,BUF,30,RDT,16,16,1,3,2,66.7%,-3,-1.5,-1.0,0,30.6,-4.7,-6,3,0,1,1,2.0,4,19,3,13.6%
565,Keisean Nixon\NixoKe00,OAK,22,,14,0,0,7,6,85.7%,128,21.3,18.3,0,118.7,14.3,91,37,0,0,0,0.0,0,12,1,7.7%
566,Duke Riley\RileDu00,2TM,25,,16,0,0,3,2,66.7%,5,2.5,1.7,0,70.1,4.7,-1,6,1,0,0,0.0,0,14,0,0.0%
567,Dawuane Smoot\SmooDa00,JAX,24,,16,0,0,0,0,,0,,,0,,,0,0,0,2,1,6.0,9,17,0,0.0%
568,Azeez Al-Shaair\AlShAz00,SFO,22,,15,4,0,11,9,81.8%,80,8.9,7.3,0,97.0,0.1,-2,82,4,0,0,0.0,0,18,7,28.0%
569,Angelo Blackson\BlacAn00,HOU,27,RDE,15,15,0,1,1,100.0%,3,3.0,3.0,1,118.7,-3.0,-3,6,0,1,1,0.0,2,20,0,0.0%
570,Anthony Brown\BrowAn02,DAL,26,,9,4,0,25,15,60.0%,167,11.1,6.7,0,79.9,10.0,96,71,7,0,0,0.0,0,17,7,29.2%
571,Vontaze Burfict\BurfVo00,OAK,29,MLB,4,4,0,13,9,69.2%,87,9.7,6.7,1,113.3,6.7,44,43,8,0,0,0.0,0,18,5,21.7%
572,Brandon Dunn\DunnBr00,HOU,27,lde,16,6,0,0,0,,0,,,0,,,0,0,0,1,2,1.0,4,25,3,10.7%
573,Rashad Fenton\FentRa00,KAN,22,,12,0,1,17,8,47.1%,87,10.9,5.1,1,57.7,15.3,65,22,7,0,1,0.0,1,15,0,0.0%
574,Mike Ford\FordMi01,DET,24,,15,2,0,19,9,47.4%,114,12.7,6.0,2,101.6,14.8,93,21,0,0,0,0.0,0,12,3,20.0%
575,Adam Gotsis\GotsAd00,DEN,27,/de,9,3,0,0,0,,0,,,0,,,0,0,0,1,0,0.0,1,16,4,20.0%
576,Charles Harris\HarrCh03,MIA,24,lb,14,5,0,1,1,100.0%,5,5.0,5.0,0,87.5,-3.0,-3,8,1,1,5,0.5,7,23,3,11.5%
577,Trey Hendrickson\HendTr00,NOR,25,,13,3,0,0,0,,0,,,0,,,0,0,1,8,4,4.5,17,19,1,5.0%
578,Maurice Hurst Jr.\HursMa00,OAK,24,,16,4,1,1,0,0.0%,0,,0.0,0,0.0,-10.0,0,0,0,6,2,3.5,12,18,2,10.0%
579,Isaiah Irving\IrviIs00,CHI,25,,13,0,0,1,0,0.0%,0,,0.0,0,39.6,5.0,0,0,5,0,1,0.0,1,14,1,6.7%
580,Josh Jackson\JackJo01,GNB,23,,14,0,0,7,6,85.7%,63,10.5,9.0,1,143.7,7.4,52,11,0,0,0,0.0,0,11,1,8.3%
581,Tony Jefferson\JeffTo00,BAL,27,fs/ss,5,5,0,14,8,57.1%,247,30.9,17.6,2,141.4,13.6,103,144,14,1,0,0.0,1,21,4,16.0%
582,Austin Johnson\JohnAu01,TEN,25,/nt,16,1,0,1,1,100.0%,1,1.0,1.0,0,79.2,-5.0,-5,6,0,3,1,0.0,4,23,4,14.8%
583,Akeem King\KingAk00,SEA,27,/cb,13,3,0,18,10,55.6%,152,15.2,8.4,1,102.1,12.9,98,54,6,0,1,0.0,1,17,0,0.0%
584,Marquel Lee\LeexMa01,OAK,24,,5,3,0,2,2,100.0%,32,16.0,16.0,0,118.7,7.5,15,17,6,0,0,0.0,0,11,0,0.0%
585,Josh Mauro\MaurJo00,OAK,28,rde,13,7,0,3,1,33.3%,1,1.0,0.3,0,42.4,0.0,-4,5,0,2,0,0.0,2,19,1,5.0%
586,Rolan Milligan\MillRo03,IND,25,,11,1,0,15,11,73.3%,114,10.4,7.6,1,117.1,9.3,75,39,12,0,1,0.0,1,15,1,6.3%
587,Avery Moss\MossAv00,MIA,25,LDE,11,8,0,1,1,100.0%,1,1.0,1.0,0,79.2,-2.0,-2,3,10,0,0,0.0,0,25,4,13.8%
588,Keanu Neal\NealKe01,ATL,24,,3,3,0,10,7,70.0%,60,8.6,6.0,0,85.4,6.2,38,22,2,0,1,0.0,1,14,2,12.5%
589,D.J. Reed\ReedD.00,SFO,23,,16,0,0,12,8,66.7%,109,13.6,9.1,1,123.3,5.8,41,68,2,1,0,0.0,1,13,1,7.1%
590,Kevin Toliver\ToliKe00,CHI,24,,12,1,0,16,11,68.8%,162,14.7,10.1,1,122.4,12.4,141,21,0,0,0,0.0,0,13,4,23.5%
591,Andrew Van Ginkel\VanGAn00,MIA,24,,6,1,0,3,3,100.0%,14,4.7,4.7,0,86.1,0.7,2,12,24,0,3,1.0,4,15,2,11.8%
592,Antwaun Woods\WoodAn02,DAL,26,RDT,10,10,0,0,0,,0,,,0,,,0,0,0,1,1,0.0,2,23,3,11.5%
593,Oshane Ximines\XimiOs00,NYG,23,,16,2,0,2,1,50.0%,14,14.0,7.0,1,112.5,0.5,-3,17,28,2,3,4.5,12,25,0,0.0%
594,Briean Boddy-Calhoun\BoddBr01,2TM,26,,3,1,0,8,7,87.5%,45,6.4,5.6,0,90.1,3.5,23,22,5,0,0,2.0,2,13,0,0.0%
595,Nate Brooks\BrooNa00,MIA,23,,3,2,0,15,8,53.3%,127,15.9,8.5,1,104.0,13.3,106,21,0,0,0,0.0,0,11,0,0.0%
596,Andrew Brown\BrowAn05,CIN,24,,14,1,0,0,0,,0,,,0,,,0,0,0,2,1,0.0,3,14,3,17.6%
597,Ryan Connelly\ConnRy00,NYG,24,,4,3,2,7,4,57.1%,19,4.8,2.7,0,22.6,5.0,17,2,9,1,0,1.0,2,20,0,0.0%
598,Bryan Cox Jr.\CoxxBr01,2TM,25,,7,2,0,1,1,100.0%,-7,-7.0,-7.0,0,79.2,-6.0,-6,-1,4,3,4,0.5,8,14,4,22.2%
599,Keion Crossen\CrosKe00,HOU,23,,16,0,0,6,4,66.7%,35,8.8,5.8,0,81.9,13.3,25,10,0,0,0,0.0,0,13,1,7.1%
600,Sheldon Day\DayxSh00,SFO,25,,16,2,0,0,0,,0,,,0,,,0,0,0,1,1,1.0,3,15,1,6.3%
601,Sharif Finch\FincSh00,TEN,24,,8,3,0,0,0,,0,,,0,,,0,0,10,2,0,2.0,4,13,0,0.0%
602,Dee Ford\FordDe00,SFO,28,,11,2,0,0,0,,0,,,0,,,0,0,6,8,1,6.5,16,14,0,0.0%
603,Justin Hardee\HardJu01,NOR,25,,16,0,0,10,7,70.0%,111,15.9,11.1,0,106.7,10.7,82,29,1,1,0,0.0,1,11,1,8.3%
604,Akiem Hicks\HickAk00,CHI,30,lde,5,5,0,0,0,,0,,,0,,,0,0,0,4,4,1.0,9,10,1,9.1%
605,Kerry Hyder\HydeKe01,DAL,28,,16,0,0,1,1,100.0%,3,3.0,3.0,0,79.2,-4.0,-4,7,2,7,2,1.0,10,17,3,15.0%
606,Danny Johnson\JohnDa09,WAS,24,,2,2,0,7,5,71.4%,67,13.4,9.6,0,101.5,7.9,39,28,0,0,0,0.0,0,11,2,15.4%
607,Darryl Johnson\JohnDa10,BUF,22,,16,0,0,0,0,,0,,,0,,,0,0,0,3,1,1.0,5,15,0,0.0%
608,Peter Kalambayi\KalaPe00,HOU,24,,16,0,0,3,3,100.0%,44,14.7,14.7,0,118.7,11.0,33,11,2,0,0,0.0,0,18,2,10.0%
609,Harvey Langi\LangHa00,NYJ,27,,16,3,0,3,2,66.7%,17,8.5,5.7,0,81.2,4.7,5,12,5,0,0,0.0,0,16,0,0.0%
610,Corey Liuget\LiugCo00,2TM,29,,10,0,0,0,0,,0,,,0,,,0,0,0,0,1,1.0,2,13,0,0.0%
611,Frankie Luvu\LuvuFr00,NYJ,23,,13,0,0,3,3,100.0%,20,6.7,6.7,0,94.4,4.7,14,6,3,1,1,1.0,3,12,2,14.3%
612,Justin March-Lillard\MarcJu00,DAL,26,,16,0,0,11,7,63.6%,73,10.4,6.6,0,82.8,3.0,24,49,1,0,0,0.0,0,12,2,14.3%
613,Dean Marlowe\MarlDe00,BUF,27,,9,2,0,10,7,70.0%,41,5.9,4.1,1,110.8,5.5,24,17,6,0,0,0.0,0,11,0,0.0%
614,Benson Mayowa\MayoBe00,OAK,28,,15,0,0,1,1,100.0%,9,9.0,9.0,0,104.2,2.0,2,7,0,3,4,7.0,15,15,2,11.8%
615,Jeremy Reaves\ReavJe00,WAS,23,,9,3,0,5,3,60.0%,58,19.3,11.6,1,140.0,13.2,21,37,1,0,1,0.0,1,15,1,6.3%
616,Jarran Reed\ReedJa02,SEA,27,LDT,10,10,0,1,0,0.0%,0,,0.0,0,39.6,9.0,0,0,0,5,5,2.0,13,27,5,15.6%
617,Ryan Smith\SmitRy00,TAM,26,,12,0,0,10,8,80.0%,152,19.0,15.2,1,152.1,10.5,77,75,0,0,0,0.0,0,11,3,21.4%
618,Brent Urban\UrbaBr00,2TM,28,,13,0,0,1,1,100.0%,6,6.0,6.0,0,91.7,-3.0,-3,9,0,0,1,0.0,1,16,1,5.9%
619,Carlos Watkins\WatkCa00,HOU,26,,10,1,0,2,2,100.0%,18,9.0,9.0,0,104.2,-3.5,-7,25,0,2,1,1.0,4,23,3,11.5%
620,Cody Barton\BartCo00,SEA,23,,16,2,0,9,7,77.8%,85,12.1,9.4,0,106.0,0.9,6,79,8,1,1,0.0,2,23,2,8.0%
621,De'Vante Bausby\BausDe00,DEN,26,,5,2,0,15,8,53.3%,75,9.4,5.0,0,67.4,10.2,53,22,0,0,0,0.0,0,13,3,18.8%
622,Justin Bethel\BethJu00,2TM,29,,16,0,0,2,1,50.0%,29,29.0,14.5,0,95.8,19.5,29,0,0,0,0,0.0,0,12,1,7.7%
623,Anthony Chickillo\ChicAn00,PIT,27,,11,0,0,1,0,0.0%,0,,0.0,0,39.6,0.0,0,0,8,1,0,0.5,2,19,0,0.0%
624,Morris Claiborne\ClaiMo00,KAN,29,/cb,8,1,0,7,4,57.1%,41,10.3,5.9,0,74.1,12.6,23,18,0,0,0,0.0,0,14,0,0.0%
625,Deshazor Everett\EverDe01,WAS,27,,7,0,0,3,3,100.0%,33,11.0,11.0,1,152.1,8.0,24,9,0,0,0,0.0,0,13,1,7.1%
626,David Long\LongDa04,TEN,21,,14,0,0,7,5,71.4%,48,9.6,6.9,0,90.2,5.9,11,37,3,1,0,0.0,1,15,3,16.7%
627,Sherrick McManis\McMaSh99,CHI,32,,9,0,0,3,3,100.0%,9,3.0,3.0,0,79.2,-0.7,-2,11,1,0,0,0.0,0,11,1,8.3%
628,A.J. Moore\MoorA.00,HOU,24,,16,0,0,0,0,,0,,,0,,,0,0,4,0,0,0.0,0,14,0,0.0%
629,Chris Odom\OdomCh00,WAS,25,,4,0,0,2,2,100.0%,10,5.0,5.0,0,87.5,2.0,4,6,1,0,0,2.0,2,10,0,0.0%
630,Tim Settle\SettTi00,WAS,22,,15,1,0,0,0,,0,,,0,,,0,0,0,2,3,2.0,7,14,1,6.7%
631,Tedric Thompson\ThomTe00,SEA,24,FS,6,6,2,15,9,60.0%,222,24.7,14.8,1,86.8,17.3,198,24,0,0,0,0.0,0,19,1,5.0%
632,Jerry Tillery\TillJe00,LAC,23,,15,3,0,0,0,,0,,,0,,,0,0,0,0,0,2.0,3,17,0,0.0%
633,Quincy Wilson\WilsQu01,IND,23,,9,0,0,18,13,72.2%,174,13.4,9.7,2,139.6,8.9,122,52,5,1,0,0.0,1,11,1,8.3%
634,Matthew Adams\AdamMa00,IND,24,,16,4,0,4,4,100.0%,53,13.3,13.3,0,118.7,7.8,31,22,4,0,0,0.0,0,10,2,16.7%
635,Maurice Alexander\AlexMa00,BUF,28,,7,0,0,5,4,80.0%,49,12.3,9.8,0,107.5,4.0,20,29,2,0,0,0.0,0,11,0,0.0%
636,Jatavis Brown\BrowJa05,LAC,25,,13,1,0,7,6,85.7%,52,8.7,7.4,0,97.6,2.4,14,38,1,0,0,0.0,0,10,3,23.1%
637,Deon Bush\BushDe00,CHI,26,,15,0,0,6,4,66.7%,34,8.5,5.7,0,81.2,10.2,19,15,0,0,0,0.0,0,8,0,0.0%
638,Ibraheim Campbell\CampIb00,GNB,27,,7,3,0,19,12,63.2%,107,8.9,5.6,0,78.2,4.2,44,63,7,0,0,0.0,0,14,3,17.6%
639,Marcell Dareus\DareMa00,JAX,29,rdt,6,6,0,0,0,,0,,,0,,,0,0,0,1,0,0.5,2,13,1,7.1%
640,Cody Davis\DaviCo02,JAX,30,,16,0,0,3,1,33.3%,24,24.0,8.0,0,63.2,18.7,22,2,0,0,0,0.0,0,13,0,0.0%
641,Ben Gedeon\GedeBe00,MIN,25,LLB,8,5,0,2,2,100.0%,20,10.0,10.0,0,108.3,-1.5,-3,23,3,0,0,0.0,0,13,2,13.3%
642,Carl Granderson\GranCa01,NOR,23,,8,0,0,1,1,100.0%,28,28.0,28.0,0,118.7,21.0,21,7,0,1,1,1.0,3,11,1,8.3%
643,Dre'Mont Jones\JoneDr00,DEN,22,,14,1,1,1,1,100.0%,11,11.0,11.0,0,72.9,-2.0,-2,13,0,1,1,3.5,6,14,0,0.0%
644,Chris Lammons\LammCh00,MIA,23,,12,0,1,16,12,75.0%,176,14.7,11.0,2,124.0,12.8,126,50,4,0,0,0.0,0,13,2,13.3%
645,David Long\LongDa02,LAR,21,,8,0,0,13,9,69.2%,100,11.1,7.7,1,117.5,11.5,64,36,1,0,0,0.0,0,9,0,0.0%
646,Mark Nzeocha\NzeoMa00,SFO,29,,16,0,1,1,0,0.0%,0,,0.0,0,0.0,3.0,0,0,0,0,0,0.0,0,10,0,0.0%
647,Charles Omenihu\OmenCh00,HOU,22,,14,0,0,1,1,100.0%,4,4.0,4.0,0,83.3,4.0,4,0,0,7,3,3.0,13,13,2,13.3%
648,Nate Orchard\OrchNa00,WAS,26,,5,0,0,0,0,,0,,,0,,,0,0,8,2,1,1.0,4,14,2,12.5%
649,Kareem Orr\OrrxKa00,TEN,22,,2,0,0,5,3,60.0%,26,8.7,5.2,0,73.7,8.0,10,16,0,0,0,0.0,0,9,0,0.0%
650,Patrick Ricard*\RicaPa00,BAL,25,FB,16,7,0,0,0,,0,,,0,,,0,0,10,0,1,1.0,2,9,1,10.0%
651,Coty Sensabaugh\SensCo00,2TM,31,,6,2,0,14,7,50.0%,71,10.1,5.1,1,88.7,6.9,48,23,4,0,0,0.0,0,11,0,0.0%
652,Jacob Tuioti-Mariner\TuioJa00,ATL,23,,8,1,0,2,2,100.0%,3,1.5,1.5,1,118.7,0.0,0,3,0,2,0,0.0,2,14,0,0.0%
653,Shy Tuttle\TuttSh00,NOR,24,,16,1,1,1,1,100.0%,1,1.0,1.0,0,39.6,-6.0,-6,7,0,2,1,2.0,6,18,1,5.3%
654,Tanner Vallejo\VallTa00,2TM,25,,11,0,0,2,2,100.0%,13,6.5,6.5,0,93.7,-4.5,-9,22,1,0,0,1.0,1,8,1,11.1%
655,Tyrell Adams\AdamTy00,HOU,27,,5,2,0,7,3,42.9%,50,16.7,7.1,0,67.6,10.1,50,0,6,1,0,0.0,1,13,2,13.3%
656,Jamal Agnew\AgneJa00,DET,24,,13,0,0,6,5,83.3%,43,8.6,7.2,0,96.5,8.7,32,11,0,0,0,0.0,0,9,1,10.0%
657,Alex Anzalone\AnzaAl00,NOR,25,,2,0,0,3,2,66.7%,19,9.5,6.3,0,84.0,4.0,8,11,1,0,0,1.0,1,7,0,0.0%
658,Ben Banogu\BanoBe00,IND,23,,16,0,0,0,0,,0,,,0,,,0,0,0,3,2,2.5,8,11,0,0.0%
659,Tony Brown\BrowTo01,GNB,24,,9,0,0,5,4,80.0%,61,15.3,12.2,0,117.5,11.4,55,6,0,0,0,0.0,0,11,0,0.0%
660,Oren Burks\BurkOr00,GNB,24,,12,0,0,4,1,25.0%,27,27.0,6.8,0,55.2,2.8,-6,33,1,0,0,0.0,0,11,0,0.0%
661,Tae Davis\DaviTa00,2TM,23,,13,1,0,5,3,60.0%,19,6.3,3.8,0,67.9,2.8,6,13,2,0,1,0.0,1,12,0,0.0%
662,Ashton Dulin\DuliAs00,IND,22,,13,0,0,0,0,,0,,,0,,,0,0,0,0,0,0.0,0,7,1,12.5%
663,C.J. Goodwin\GoodC.00,DAL,29,,16,0,0,2,2,100.0%,12,6.0,6.0,0,91.7,6.0,12,0,0,0,0,0.0,0,9,0,0.0%
664,Porter Gustin\GustPo01,CLE,22,,6,0,0,0,0,,0,,,0,,,0,0,3,1,1,1.0,3,13,1,7.1%
665,Timmy Jernigan\JernTi00,PHI,27,dt/LDT,10,9,0,0,0,,0,,,0,,,0,0,0,0,1,2.0,3,10,1,9.1%
666,Jaquan Johnson\JohnJa11,BUF,24,,13,0,0,2,2,100.0%,13,6.5,6.5,0,93.7,-3.0,-6,19,0,0,0,0.0,0,8,0,0.0%
667,Cre'von LeBlanc\LeBlCr01,PHI,25,,4,1,0,9,6,66.7%,44,7.3,4.9,0,78.0,3.0,13,31,3,0,0,0.0,0,8,0,0.0%
668,Steve Longa\LongSt00,DET,25,,10,0,0,1,1,100.0%,9,9.0,9.0,0,104.2,9.0,9,0,1,0,0,0.0,0,15,2,11.8%
669,Domata Peko\PekoDo20,BAL,35,/nt,7,3,0,0,0,,0,,,0,,,0,0,0,0,0,0.0,0,14,1,6.7%
670,Olsen Pierre\PierOl00,NYG,28,,9,0,0,1,1,100.0%,41,41.0,41.0,0,118.7,0.0,0,41,0,0,0,2.0,2,8,1,11.1%
671,Sheldon Rankins\RankSh00,NOR,25,,10,0,0,1,1,100.0%,12,12.0,12.0,0,116.7,-1.0,-1,13,2,4,2,2.0,8,10,1,9.1%
672,Aqib Talib\TaliAq99,LAR,33,rcb,5,5,0,31,18,58.1%,231,12.8,7.5,3,113.8,10.9,182,49,0,0,0,0.0,0,14,2,12.5%
673,Jullian Taylor\TaylJu00,SFO,24,,6,0,0,0,0,,0,,,0,,,0,0,1,1,1,0.0,2,9,1,10.0%
674,Armon Watts\WattAr01,MIN,23,,7,1,0,0,0,,0,,,0,,,0,0,0,0,0,1.5,2,13,2,13.3%
675,Kayvon Webster\WebsKa00,WAS,28,/cb,2,1,0,11,8,72.7%,173,21.6,15.7,1,145.1,11.9,66,107,0,0,0,0.0,0,7,1,12.5%
676,Xavier Williams\WillXa00,KAN,27,,5,0,0,0,0,,0,,,0,,,0,0,0,1,0,0.0,1,8,1,11.1%
677,Zach Allen\AlleZa01,ARI,22,,4,1,0,0,0,,0,,,0,,,0,0,0,0,3,0.0,3,8,1,11.1%
678,Chris Banjo\BanjCh00,ARI,29,,13,0,0,3,3,100.0%,31,10.3,10.3,0,109.7,7.0,21,10,2,0,0,0.0,0,12,1,7.7%
679,Chris Board\BoarCh00,BAL,24,,15,0,0,2,2,100.0%,32,16.0,16.0,0,118.7,7.0,14,18,4,0,0,0.0,0,10,0,0.0%
680,Breon Borders\BordBr00,2TM,24,,12,1,0,4,4,100.0%,28,7.0,7.0,0,95.8,2.0,8,20,5,0,1,0.0,1,7,1,12.5%
681,Shilique Calhoun\CalhSh00,NWE,27,,15,1,0,0,0,,0,,,0,,,0,0,17,3,3,0.0,6,9,1,10.0%
682,Jack Crawford\CrawJa00,ATL,31,/dt,16,4,0,5,3,60.0%,15,5.0,3.0,0,64.6,4.0,14,1,0,5,3,0.5,9,24,1,4.0%
683,Ken Crawley\CrawKe02,2TM,26,,5,2,0,8,7,87.5%,68,9.7,8.5,0,102.1,6.1,28,40,0,0,0,0.0,0,6,3,33.3%
684,Jordan Dangerfield\DangJo00,PIT,29,,16,0,0,0,0,,0,,,0,,,0,0,0,0,1,0.0,1,13,0,0.0%
685,Mike Daniels\DaniMi00,DET,30,/dt,9,2,0,0,0,,0,,,0,,,0,0,0,1,1,1.0,3,10,0,0.0%
686,Mario Edwards\EdwaMa01,NOR,25,,14,0,0,0,0,,0,,,0,,,0,0,0,1,0,3.0,4,8,0,0.0%
687,DeShon Elliott\ElliDe02,BAL,22,,6,0,0,2,1,50.0%,18,18.0,9.0,0,81.2,17.5,15,3,1,0,0,0.0,0,6,0,0.0%
688,Jordan Evans\EvanJo01,CIN,24,,16,0,0,4,2,50.0%,7,3.5,1.8,0,56.2,7.8,6,1,2,0,0,0.0,0,12,0,0.0%
689,Greg Gaines\GainGr00,LAR,23,,10,0,0,0,0,,0,,,0,,,0,0,0,2,1,0.5,4,13,0,0.0%
690,Raven Greene\GreeRa02,GNB,24,,2,1,0,7,5,71.4%,19,3.8,2.7,0,74.1,4.0,0,19,4,0,0,0.0,0,7,0,0.0%
691,Montre Hartage\HartMo01,MIA,22,,4,0,0,8,7,87.5%,67,9.6,8.4,1,141.1,7.1,41,26,0,0,0,0.0,0,8,0,0.0%
692,Joshua Kalu\KaluJo00,TEN,24,,8,0,0,5,3,60.0%,53,17.7,10.6,0,96.2,20.8,53,0,0,0,0,0.0,0,6,0,0.0%
693,Christian Kirksey\KirkCh00,CLE,27,,2,2,0,9,7,77.8%,116,16.6,12.9,1,155.8,-0.3,1,115,11,1,0,0.0,1,11,4,26.7%
694,Dallin Leavitt\LeavDa00,OAK,25,,15,0,0,1,1,100.0%,12,12.0,12.0,0,116.7,12.0,12,0,1,0,0,0.0,0,10,1,9.1%
695,Jacob Martin\MartJa02,HOU,24,,14,0,0,1,1,100.0%,16,16.0,16.0,0,118.7,5.0,5,11,16,3,1,3.5,8,11,2,15.4%
696,Anthony Rush\RushAn00,PHI,23,,9,0,0,1,1,100.0%,7,7.0,7.0,0,95.8,2.0,2,5,0,0,0,0.0,0,9,0,0.0%
697,Orlando Scandrick\ScanOr99,PHI,32,,3,1,0,3,2,66.7%,17,8.5,5.7,0,81.2,5.7,11,6,3,1,0,2.0,3,7,1,12.5%
698,Nick Scott\ScotNi01,LAR,24,,16,0,0,1,1,100.0%,6,6.0,6.0,0,91.7,0.0,0,6,0,0,0,0.0,0,8,0,0.0%
699,Nathan Shepherd\ShepNa00,NYJ,26,,9,0,0,1,1,100.0%,1,1.0,1.0,0,79.2,-1.0,-1,2,0,0,4,2.0,6,11,0,0.0%
700,Julian Stanford\StanJu00,BUF,29,,16,0,0,1,1,100.0%,5,5.0,5.0,0,87.5,4.0,4,1,5,0,0,0.0,0,8,1,11.1%
701,Darian Stewart\StewDa00,TAM,31,/fs,13,1,0,4,2,50.0%,18,9.0,4.5,0,62.5,8.0,13,5,6,0,1,0.0,1,9,5,35.7%
702,Shakial Taylor\TaylSh00,IND,23,,5,0,0,6,3,50.0%,32,10.7,5.3,0,66.0,9.0,11,21,2,0,0,0.0,0,7,0,0.0%
703,Vincent Taylor\TaylVi00,BUF,25,,3,0,0,0,0,,0,,,0,,,0,0,0,1,0,0.0,1,6,0,0.0%
704,Neiko Thorpe\ThorNe00,SEA,29,,7,0,0,3,3,100.0%,31,10.3,10.3,0,109.7,9.0,27,4,0,0,0,0.0,0,8,0,0.0%
705,Olasunkanmi Adeniyi\AdenOl00,PIT,22,,16,0,0,1,1,100.0%,-1,-1.0,-1.0,0,79.2,-4.0,-4,3,2,0,0,0.0,0,8,0,0.0%
706,D.J. Alexander\AlexD.00,JAX,28,,5,0,0,3,3,100.0%,8,2.7,2.7,0,79.2,-1.7,-5,13,0,0,0,0.0,0,7,0,0.0%
707,Eli Ankou\AnkoEl00,CLE,25,,9,2,0,0,0,,0,,,0,,,0,0,0,0,0,0.0,0,7,1,12.5%
708,Johnson Bademosi\BadeJo00,2TM,29,,10,0,0,2,2,100.0%,18,9.0,9.0,0,104.2,3.5,7,11,0,0,0,0.0,0,6,0,0.0%
709,Kyron Brown\BrowKy00,NYJ,23,,3,1,0,7,4,57.1%,44,11.0,6.3,0,75.9,9.3,30,14,0,0,0,0.0,0,5,1,16.7%
710,Artie Burns\BurnAr00,PIT,24,/cb,10,1,0,4,4,100.0%,52,13.0,13.0,1,158.3,11.3,45,7,0,0,0,0.0,0,8,0,0.0%
711,Jamal Carter\CartJa02,ATL,25,,11,0,0,11,6,54.5%,90,15.0,8.2,0,81.6,9.5,43,47,2,0,0,0.0,0,10,2,16.7%
712,Sean Davis\DaviSe00,PIT,26,,1,1,0,6,5,83.3%,65,13.0,10.8,2,151.4,14.3,53,12,0,0,0,0.0,0,5,1,16.7%
713,Marcus Epps\EppsMa00,2TM,23,,15,0,0,6,4,66.7%,68,17.0,11.3,0,104.9,20.0,65,3,1,0,0,0.0,0,6,0,0.0%
714,Marquis Haynes\HaynMa01,CAR,26,,11,0,0,0,0,,0,,,0,,,0,0,3,3,1,1.0,5,12,2,14.3%
715,Dion Jordan\JordDi00,OAK,29,,7,0,0,0,0,,0,,,0,,,0,0,0,3,0,2.0,5,5,2,28.6%
716,Kyle Love\LoveKy00,CAR,33,/nt,15,1,0,0,0,,0,,,0,,,0,0,0,2,1,0.0,3,8,1,11.1%
717,Albert McClellan\McClAl00,NYJ,33,,5,0,0,2,2,100.0%,32,16.0,16.0,0,118.7,5.5,11,21,1,0,0,0.0,0,9,0,0.0%
718,R.J. McIntosh\McInR.00,NYG,23,,12,0,0,0,0,,0,,,0,,,0,0,0,0,0,2.0,2,13,0,0.0%
719,Barkevious Mingo\MingBa00,HOU,29,,16,1,0,1,0,0.0%,0,,0.0,0,39.6,3.0,0,0,6,2,2,0.0,4,6,0,0.0%
720,C.J. Moore\MoorCJ01,DET,24,,16,0,0,1,0,0.0%,0,,0.0,0,39.6,17.0,0,0,1,0,0,0.0,0,7,0,0.0%
721,Calvin Munson\MunsCa00,MIA,25,,2,2,0,2,2,100.0%,16,8.0,8.0,0,100.0,2.5,5,11,4,0,0,0.0,0,7,3,30.0%
722,Hardy Nickerson\NickHa02,CIN,25,,7,0,0,1,1,100.0%,4,4.0,4.0,0,83.3,4.0,4,0,3,0,0,0.0,0,6,0,0.0%
723,Rakeem Nunez-Roches\NuneRa00,TAM,26,,16,0,0,0,0,,0,,,0,,,0,0,1,2,1,0.0,3,9,0,0.0%
724,LaRoy Reynolds\ReynLa00,CIN,29,,15,0,0,1,1,100.0%,8,8.0,8.0,0,100.0,2.0,2,6,6,0,1,0.0,1,6,0,0.0%
725,Hassan Ridgeway\RidgHa00,PHI,25,ldt,7,5,0,0,0,,0,,,0,,,0,0,0,2,2,2.0,6,8,3,27.3%
726,Derick Roberson\RobeDe01,TEN,24,,3,0,0,1,1,100.0%,20,20.0,20.0,0,118.7,5.0,5,15,1,1,0,3.0,4,6,1,14.3%
727,Dominique Rodgers-Cromartie\RodgDo99,WAS,33,/cb,2,1,0,7,6,85.7%,66,11.0,9.4,0,106.0,6.9,45,21,0,0,0,0.0,0,7,3,30.0%
728,Zach Sieler\SielZa00,2TM,24,,7,1,0,0,0,,0,,,0,,,0,0,0,3,0,1.0,4,11,2,15.4%
729,Andre Smith\SmitAn04,CAR,22,,16,0,0,0,0,,0,,,0,,,0,0,1,0,0,0.0,0,5,0,0.0%
730,Taylor Stallworth\StalTa00,NOR,24,,4,0,0,0,0,,0,,,0,,,0,0,0,1,0,0.0,1,8,0,0.0%
731,Josiah Tauaefa\TauaJo00,NYG,22,,12,0,0,2,2,100.0%,-1,-0.5,-0.5,0,79.2,-4.5,-9,8,0,0,0,0.0,0,6,1,14.3%
732,Simeon Thomas\ThomSi00,WAS,26,,12,0,0,4,2,50.0%,32,16.0,8.0,0,77.1,11.3,27,5,0,0,0,0.0,0,8,0,0.0%
733,Brynden Trawick\TrawBr00,BAL,30,,6,0,0,0,0,,0,,,0,,,0,0,1,0,0,0.0,0,6,0,0.0%
734,Kyle Wilber\WilbKy00,OAK,30,,14,1,0,3,1,33.3%,5,5.0,1.7,0,42.4,2.7,2,3,4,0,0,0.0,0,6,0,0.0%
735,Montravius Adams\AdamMo00,GNB,24,,14,2,0,0,0,,0,,,0,,,0,0,0,0,0,0.0,0,11,1,8.3%
736,Beau Allen\AlleBe00,TAM,28,,13,0,0,0,0,,0,,,0,,,0,0,0,0,0,0.5,1,10,0,0.0%
737,Jayrone Elliott\ElliJa02,PIT,28,,5,0,0,0,0,,0,,,0,,,0,0,2,0,0,0.0,0,4,0,0.0%
738,Bryce Hager\HageBr00,LAR,27,/il,5,4,0,1,1,100.0%,4,4.0,4.0,0,83.3,-4.0,-4,8,1,0,0,0.0,0,11,1,8.3%
739,Daeshon Hall\HallDa01,PHI,24,,9,0,0,1,1,100.0%,9,9.0,9.0,0,104.2,5.0,5,4,0,0,0,1.0,1,6,1,14.3%
740,Da'Shawn Hand\HandDa00,DET,24,,3,2,0,0,0,,0,,,0,,,0,0,0,0,0,0.0,0,6,2,25.0%
741,Demone Harris\HarrDe06,2TM,24,,5,0,0,1,1,100.0%,12,12.0,12.0,0,116.7,4.0,4,8,1,0,1,0.0,1,4,1,20.0%
742,Tae Hayes\HayeTa00,2TM,22,,3,0,0,16,4,25.0%,55,13.8,3.4,0,41.4,17.3,39,16,2,0,0,0.0,0,7,1,12.5%
743,Trysten Hill\HillTr00,DAL,21,,7,0,0,1,1,100.0%,-4,-4.0,-4.0,0,79.2,-7.0,-7,3,0,1,2,0.0,3,5,2,28.6%
744,Kenny Ladler\LadlKe00,WAS,27,,1,0,0,0,0,,0,,,0,,,0,0,0,0,0,0.0,0,4,4,50.0%
745,Devaroe Lawrence\LawrDe02,CLE,27,,11,2,1,0,0,,0,,,0,,,0,0,0,0,1,0.0,1,8,1,11.1%
746,Aaron Lynch\LyncAa00,CHI,26,,16,0,0,1,0,0.0%,0,,0.0,0,39.6,-7.0,0,0,0,2,6,2.0,10,6,0,0.0%
747,Isaiah Mack\MackIs00,TEN,23,,13,1,0,0,0,,0,,,0,,,0,0,0,1,0,1.5,3,8,1,11.1%
748,C.J. Mosley\MoslC.00,NYJ,27,,2,2,1,7,4,57.1%,49,12.3,7.0,0,39.3,10.1,37,12,17,0,0,0.0,0,9,0,0.0%
749,Corey Nelson\NelsCo00,DEN,27,/il,7,2,0,2,2,100.0%,35,17.5,17.5,0,118.7,2.0,4,31,3,0,0,0.0,0,10,1,9.1%
750,Parry Nickerson\NickPa00,JAX,25,,4,1,0,5,1,20.0%,16,16.0,3.2,0,40.4,15.8,11,5,0,0,0,0.0,0,6,0,0.0%
751,Pat O'Connor\OConPa00,TAM,26,,8,0,0,0,0,,0,,,0,,,0,0,0,0,1,0.0,1,6,0,0.0%
752,Darius Phillips\PhilDa02,CIN,24,,8,1,4,16,6,37.5%,144,24.0,9.0,2,70.8,18.5,125,19,3,1,0,0.0,1,5,0,0.0%
753,Justin Phillips\PhilJu00,OAK,24,,4,0,0,2,2,100.0%,26,13.0,13.0,0,118.7,2.5,5,21,1,0,0,0.0,0,7,0,0.0%
754,Brooks Reed\ReedBr00,ARI,32,,9,0,0,1,1,100.0%,7,7.0,7.0,0,95.8,5.0,5,2,4,1,0,1.0,2,8,1,11.1%
755,Kawann Short\ShorKa00,CAR,30,,2,2,0,0,0,,0,,,0,,,0,0,0,1,3,0.0,4,4,1,20.0%
756,Cameron Smith\SmitCa01,MIN,22,,5,0,0,0,0,,0,,,0,,,0,0,1,0,0,0.0,0,8,0,0.0%
757,Malcolm Smith\SmitMa02,2TM,30,,4,1,0,6,4,66.7%,50,12.5,8.3,0,92.4,1.7,18,32,7,0,0,0.0,0,5,3,37.5%
758,E.J. Speed\SpeeEJ00,IND,24,,12,0,0,2,1,50.0%,-1,-1.0,-0.5,0,56.2,-2.5,-2,1,3,0,0,0.0,0,7,0,0.0%
759,Adarius Taylor\GlanAd00,CLE,29,,15,0,0,2,2,100.0%,16,8.0,8.0,0,100.0,6.0,12,4,2,0,0,0.0,0,9,1,10.0%
760,Manti Te'o\TeoxMa00,NOR,28,,3,2,0,0,0,,0,,,0,,,0,0,2,0,1,0.0,1,6,1,14.3%
761,Corey Thompson\ThomCo02,BUF,26,,12,0,0,6,4,66.7%,26,6.5,4.3,0,75.7,4.0,11,15,3,0,0,0.0,0,7,1,12.5%
762,Joejuan Williams\WillJo13,NWE,22,,9,0,0,7,3,42.9%,32,10.7,4.6,0,56.8,13.4,29,3,0,0,0,0.0,0,5,0,0.0%
763,Jordan Willis\WillJo09,NYJ,24,,9,0,0,1,1,100.0%,15,15.0,15.0,0,118.7,9.0,9,6,1,0,0,1.0,1,7,0,0.0%
764,Renell Wren\WrenRe00,CIN,24,,11,2,0,0,0,,0,,,0,,,0,0,0,1,0,0.0,1,8,0,0.0%
765,Abdullah Anderson\AndeAb00,CHI,23,,6,0,0,0,0,,0,,,0,,,0,0,0,2,0,1.0,3,4,0,0.0%
766,Cornell Armstrong\ArmsCo00,HOU,24,,5,0,0,4,3,75.0%,85,28.3,21.3,0,116.7,19.8,54,31,0,0,0,0.0,0,4,1,20.0%
767,Genard Avery\AverGe00,2TM,24,,10,0,0,1,0,0.0%,0,,0.0,0,39.6,8.0,0,0,2,0,0,0.5,1,6,0,0.0%
768,B.J. Bello\BellB.00,NYJ,25,,8,0,0,0,0,,0,,,0,,,0,0,0,0,0,0.0,0,5,1,16.7%
769,Devante Bond\BondDe00,2TM,26,,7,0,0,0,0,,0,,,0,,,0,0,2,0,0,0.0,0,3,0,0.0%
770,Sean Chandler\ChanSe00,NYG,23,,13,0,0,2,2,100.0%,26,13.0,13.0,0,118.7,8.5,17,9,5,0,0,0.0,0,7,1,12.5%
771,Kurt Coleman\ColeKu99,BUF,31,,14,0,0,2,1,50.0%,21,21.0,10.5,0,87.5,9.0,17,4,3,0,0,0.0,0,3,1,25.0%
772,Trevon Coley\ColeTr01,IND,25,,7,0,0,0,0,,0,,,0,,,0,0,0,1,0,0.0,1,6,1,14.3%
773,John Cominsky\ComiJo00,ATL,24,,10,0,0,1,1,100.0%,6,6.0,6.0,0,91.7,-4.0,-4,10,0,2,0,0.5,3,11,0,0.0%
774,Michael Dogbe\DogbMi00,ARI,23,,8,0,0,0,0,,0,,,0,,,0,0,0,0,0,0.0,0,5,1,16.7%
775,Nick Dzubnar\DzubNi00,LAC,28,,16,0,0,0,0,,0,,,0,,,0,0,0,0,0,0.0,0,8,1,11.1%
776,Daniel Ekuale\EkuaDa00,CLE,25,,7,0,0,0,0,,0,,,0,,,0,0,0,1,0,0.0,1,4,0,0.0%
777,Kavon Frazier\FrazKa00,DAL,25,,4,0,0,1,1,100.0%,4,4.0,4.0,0,83.3,4.0,4,0,0,0,0,0.0,0,5,0,0.0%
778,Shaquem Griffin\GrifSh01,SEA,24,,16,0,0,1,1,100.0%,9,9.0,9.0,0,104.2,1.0,1,8,9,2,3,0.0,5,5,0,0.0%
779,Dontae Johnson\JohnDo02,2TM,28,,9,0,0,2,2,100.0%,13,6.5,6.5,0,93.7,2.0,4,9,0,0,0,0.0,0,3,0,0.0%
780,Cyrus Jones\JoneCy00,BAL,26,,8,1,0,1,1,100.0%,13,13.0,13.0,0,118.7,11.0,11,2,0,0,0,0.0,0,4,0,0.0%
781,Kingsley Keke\KekeKi00,GNB,23,,14,0,0,0,0,,0,,,0,,,0,0,0,0,1,0.0,1,10,0,0.0%
782,Arden Key\KeyxAr00,OAK,23,,7,0,0,0,0,,0,,,0,,,0,0,0,0,2,2.0,4,4,0,0.0%
783,Elijah Lee\LeexEl00,SFO,23,,8,1,0,3,2,66.7%,6,3.0,2.0,0,70.1,-1.7,-5,11,0,0,0,0.0,0,7,1,12.5%
784,Tyquan Lewis\LewiTy00,IND,24,,9,0,0,1,1,100.0%,7,7.0,7.0,0,95.8,-6.0,-6,13,0,4,1,0.0,5,5,2,28.6%
785,Jordan Lucas\LucaJo00,KAN,26,,14,0,0,2,0,0.0%,0,,0.0,0,39.6,27.5,0,0,1,0,1,0.0,1,7,2,22.2%
786,Cole Luke\LukeCo00,CAR,24,,8,0,0,2,2,100.0%,16,8.0,8.0,0,100.0,5.5,11,5,0,0,0,0.0,0,3,1,25.0%
787,Kareem Martin\MartKa00,NYG,27,,5,0,0,0,0,,0,,,0,,,0,0,1,1,0,0.0,1,6,1,14.3%
788,Lerentee McCray\McCrLe01,JAX,29,,9,0,0,1,1,100.0%,14,14.0,14.0,0,118.7,-6.0,-6,20,0,0,0,0.0,0,5,0,0.0%
789,Daniel McCullers\McCuDa00,PIT,27,,16,0,0,0,0,,0,,,0,,,0,0,0,1,0,0.0,1,8,0,0.0%
790,Rontez Miles\MileRo00,NYJ,31,,7,0,0,0,0,,0,,,0,,,0,0,1,0,0,0.0,0,7,0,0.0%
791,Jordan Miller\MillJo05,ATL,22,,10,0,0,3,2,66.7%,26,13.0,8.7,0,93.7,11.3,7,19,0,0,0,0.0,0,4,0,0.0%
792,Ogbonnia Okoronkwo\OkorOg00,LAR,24,,10,0,0,2,2,100.0%,16,8.0,8.0,0,100.0,2.5,5,11,5,0,2,1.5,4,7,0,0.0%
793,Isaac Rochell\RochIs00,LAC,24,,16,0,0,0,0,,0,,,0,,,0,0,0,1,0,1.0,2,12,1,7.7%
794,Dontavius Russell\RussDo00,JAX,24,,3,0,0,1,0,0.0%,5,,5.0,0,47.9,-5.0,-5,10,0,0,0,0.0,0,4,2,33.3%
795,Linden Stephens\StepLi00,MIA,24,,3,0,0,4,4,100.0%,52,13.0,13.0,0,118.7,11.0,44,8,0,0,0,0.0,0,3,0,0.0%
796,James Vaughters\VaugJa01,CHI,26,,3,0,0,1,1,100.0%,6,6.0,6.0,0,91.7,1.0,1,5,0,0,0,0.0,0,3,0,0.0%
797,Cameron Wake\WakeCa00,TEN,37,,9,0,0,1,1,100.0%,5,5.0,5.0,0,87.5,-5.0,-5,10,14,5,5,2.5,13,4,3,42.9%
798,Jihad Ward\WardJi02,2TM,25,,14,0,0,1,1,100.0%,38,38.0,38.0,0,118.7,7.0,7,31,8,1,4,1.0,6,7,1,12.5%
799,Mazzi Wilkins\WilkMa00,TAM,24,,5,0,0,4,4,100.0%,37,9.3,9.3,0,105.2,4.8,19,18,0,0,0,0.0,0,3,0,0.0%
800,Anthony Zettel\ZettAn00,2TM,27,,5,0,0,0,0,,0,,,0,,,0,0,0,1,0,0.0,1,6,1,14.3%
801,Sam Acho\AchoSa00,TAM,31,,8,0,0,0,0,,0,,,0,,,0,0,0,0,0,1.0,1,3,0,0.0%
802,Mike Adams\AdamMi21,HOU,38,,6,0,0,2,1,50.0%,3,3.0,1.5,0,56.2,10.0,-3,6,0,0,0,0.0,0,3,0,0.0%
803,Nasir Adderley\AddeNa00,LAC,22,,4,0,0,1,0,0.0%,0,,0.0,0,39.6,3.0,0,0,0,0,0,0.0,0,2,0,0.0%
804,Alex Brown\BrowAl02,KAN,23,,3,0,0,0,0,,0,,,0,,,0,0,1,0,1,0.0,1,2,0,0.0%
805,Austin Bryant\BryaAu00,DET,23,,4,0,0,0,0,,0,,,0,,,0,0,0,0,1,0.0,1,8,1,11.1%
806,Chris Covington\CoviCh01,DAL,23,,3,0,0,0,0,,0,,,0,,,0,0,0,0,0,0.0,0,2,1,33.3%
807,Johnathan Cyprien\CyprJo00,2TM,29,,5,1,0,2,2,100.0%,14,7.0,7.0,0,95.8,4.5,9,5,0,0,0,0.0,0,4,1,20.0%
808,Kylie Fitts\FittKy00,ARI,25,,3,0,0,0,0,,0,,,0,,,0,0,5,1,0,0.0,1,4,0,0.0%
809,Rashaan Gaulden\GaulRa00,2TM,24,,10,0,0,2,2,100.0%,10,5.0,5.0,0,87.5,-3.0,-6,16,0,0,0,0.0,0,3,1,25.0%
810,Marcus Gilchrist\GilcMa00,JAX,31,,3,0,0,1,1,100.0%,5,5.0,5.0,0,87.5,5.0,5,0,1,0,0,0.0,0,2,0,0.0%
811,Jermaine Grace\GracJe00,ATL,26,,12,0,0,1,0,0.0%,0,,0.0,0,39.6,4.0,0,0,0,0,0,0.0,0,6,0,0.0%
812,T.J. Green\GreeT.00,2TM,24,,2,0,0,4,2,50.0%,26,13.0,6.5,0,70.8,20.8,24,2,0,0,0,0.0,0,2,0,0.0%
813,Treyvon Hester\HestTr00,WAS,27,,15,0,0,0,0,,0,,,0,,,0,0,0,1,0,1.0,2,8,1,11.1%
814,Jalyn Holmes\HolmJa01,MIN,23,,6,0,0,0,0,,0,,,0,,,0,0,0,1,0,0.0,1,4,0,0.0%
815,Wes Horton\HortWe00,CAR,30,,6,0,0,0,0,,0,,,0,,,0,0,0,2,1,0.0,3,4,1,20.0%
816,Joe Jackson\JackJo02,DAL,23,,5,0,0,1,1,100.0%,9,9.0,9.0,0,104.2,5.0,5,4,2,1,1,0.0,2,4,0,0.0%
817,Bronson Kaufusi\KaufBr01,NYJ,28,,3,1,0,0,0,,0,,,0,,,0,0,0,0,0,0.5,1,3,0,0.0%
818,Greg Mabin\MabiGr00,CIN,25,,9,0,0,1,0,0.0%,0,,0.0,0,39.6,19.0,0,0,0,0,0,0.0,0,2,0,0.0%
819,Terrell McClain\McClTe00,2TM,31,,5,0,0,0,0,,0,,,0,,,0,0,0,0,0,0.0,0,6,1,14.3%
820,Clinton McDonald\McDoCl99,ARI,32,,9,0,0,0,0,,0,,,0,,,0,0,0,1,1,0.0,2,8,1,11.1%
821,Torry McTyer\McTyTo00,CIN,24,,5,0,0,1,1,100.0%,9,9.0,9.0,0,104.2,9.0,9,0,0,0,0,0.0,0,2,0,0.0%
822,Nate Meadors\MeadNa00,MIN,22,,2,0,0,2,2,100.0%,19,9.5,9.5,1,145.8,5.0,10,9,0,0,0,0.0,0,2,0,0.0%
823,Christian Miller\MillCh04,CAR,23,,7,0,0,0,0,,0,,,0,,,0,0,4,0,0,2.0,2,3,0,0.0%
824,Damontre Moore\MoorDa01,SFO,27,,2,0,0,0,0,,0,,,0,,,0,0,1,2,1,0.0,3,5,0,0.0%
825,Natrez Patrick\PatrNa00,LAR,22,,12,0,0,0,0,,0,,,0,,,0,0,1,0,0,0.0,0,2,0,0.0%
826,Nathan Stupar\StupNa01,NYG,31,,3,1,0,4,4,100.0%,37,9.3,9.3,0,105.2,3.0,12,25,0,0,0,0.0,0,4,1,20.0%
827,Kemoko Turay\TuraKe00,IND,24,,4,0,0,0,0,,0,,,0,,,0,0,1,1,4,1.5,7,5,0,0.0%
828,Jeremiah Valoaga\ValoJe00,SFO,25,,4,0,0,1,1,100.0%,9,9.0,9.0,0,104.2,1.0,1,8,0,0,0,0.0,0,2,0,0.0%
829,Sylvester Williams\WillSy00,LAC,31,,5,0,0,0,0,,0,,,0,,,0,0,0,1,0,0.0,1,5,0,0.0%
830,Tim Williams\WillTi00,2TM,26,,5,0,0,0,0,,0,,,0,,,0,0,8,0,0,0.0,0,2,0,0.0%
831,Justin Zimmer\ZimmJu00,CLE,27,,2,0,0,0,0,,0,,,0,,,0,0,0,0,0,0.0,0,5,2,28.6%
832,Johnathan Abram\AbraJo01,OAK,23,,1,1,0,3,2,66.7%,62,31.0,20.7,0,109.7,21.7,49,13,1,0,0,0.0,0,5,2,28.6%
833,Byron Cowart\CowaBy00,NWE,23,,5,0,0,0,0,,0,,,0,,,0,0,0,0,0,0.0,0,2,1,33.3%
834,Tyrone Crawford\CrawTy00,DAL,30,,4,2,0,1,1,100.0%,-2,-2.0,-2.0,0,79.2,-6.0,-6,4,0,0,1,1.0,2,3,1,25.0%
835,Xavier Crawford\CrawXa00,2TM,24,,5,0,0,1,1,100.0%,5,5.0,5.0,0,87.5,2.0,2,3,0,0,0,0.0,0,2,0,0.0%
836,Matt Dickerson\DickMa00,TEN,24,,5,0,0,0,0,,0,,,0,,,0,0,0,1,1,0.0,2,2,1,33.3%
837,Kevin Givens\GiveKe01,SFO,22,,1,0,0,0,0,,0,,,0,,,0,0,0,2,0,0.0,2,1,0,0.0%
838,Ryan Glasgow\GlasRy00,CIN,26,,5,2,0,1,0,0.0%,0,,0.0,0,39.6,0.0,0,0,0,0,2,0.0,2,7,0,0.0%
839,Ahmad Gooden\GoodAh00,DEN,24,,3,0,0,0,0,,0,,,0,,,0,0,0,0,1,0.0,1,1,0,0.0%
840,Jalen Guyton\GuytJa01,LAC,22,,3,0,0,1,1,100.0%,9,9.0,9.0,0,104.2,6.0,6,3,0,0,0,0.0,0,1,0,0.0%
841,Saquan Hampton\HampSa00,NOR,24,,5,0,0,3,2,66.7%,9,4.5,3.0,0,70.1,1.7,-1,10,1,0,0,0.0,0,1,0,0.0%
842,Frank Herron\HerrFr00,DET,25,,3,0,0,0,0,,0,,,0,,,0,0,0,1,0,0.0,1,6,0,0.0%
843,Isaiah Johnson\JohnIs02,OAK,24,,5,0,0,2,1,50.0%,20,20.0,10.0,0,85.4,11.5,20,0,0,0,0,0.0,0,2,0,0.0%
844,Jonathan Ledbetter\LedbJo01,MIA,22,,1,1,0,0,0,,0,,,0,,,0,0,0,1,0,0.5,2,4,1,20.0%
845,Hercules Mata'afa\MataHe00,MIN,24,,6,0,0,0,0,,0,,,0,,,0,0,4,1,0,0.0,1,1,0,0.0%
846,Rob McCray\McCrRo00,CLE,23,,1,0,0,0,0,,0,,,0,,,0,0,2,1,0,0.0,1,1,0,0.0%
847,Cassanova McKinzy\McKiCa01,WAS,27,,3,0,0,0,0,,0,,,0,,,0,0,1,0,0,1.0,1,1,0,0.0%
848,Anthony Nelson\NelsAn01,TAM,22,,9,1,0,1,1,100.0%,6,6.0,6.0,0,91.7,5.0,5,1,11,0,0,0.0,0,8,1,11.1%
849,Kyle Peko\PekoKy00,2TM,26,,6,0,0,0,0,,0,,,0,,,0,0,0,1,0,0.0,1,5,0,0.0%
850,Harrison Phillips\PhilHa00,BUF,23,,3,0,0,0,0,,0,,,0,,,0,0,0,0,0,0.5,1,3,0,0.0%
851,Caraun Reid\ReidCa00,ARI,28,,3,3,0,0,0,,0,,,0,,,0,0,0,2,0,0.0,2,4,1,20.0%
852,Tuzar Skipper\SkipTu00,NYG,24,,6,0,0,0,0,,0,,,0,,,0,0,2,0,0,0.5,1,3,0,0.0%
853,Noah Spence\SpenNo00,WAS,25,,7,0,0,0,0,,0,,,0,,,0,0,0,0,1,1.0,2,3,0,0.0%
854,Stephone Anthony\AnthSt00,NOR,27,,12,1,0,1,0,0.0%,0,,0.0,0,39.6,-2.0,0,0,1,0,0,0.0,0,1,0,0.0%
855,James Crawford\CrawJa01,MIA,25,,3,0,0,0,0,,0,,,0,,,0,0,3,0,0,0.0,0,1,0,0.0%
856,Noah Fant\FantNo00,DEN,22,TE,16,11,0,1,0,0.0%,0,,0.0,0,39.6,11.0,0,0,0,0,0,0.0,0,0,0,
857,Bruce Hector\HectBr00,PHI,25,,3,1,0,0,0,,0,,,0,,,0,0,0,0,1,0.0,1,0,0,
858,Albert Huggins\HuggAl01,PHI,22,,4,0,0,0,0,,0,,,0,,,0,0,0,1,1,0.0,2,3,0,0.0%
859,Joey Ivie\IvieJo00,2TM,24,,8,0,0,0,0,,0,,,0,,,0,0,0,1,1,0.0,2,2,0,0.0%
860,Stacy McGee\McGeSt01,CAR,29,,4,0,0,0,0,,0,,,0,,,0,0,0,0,0,0.5,1,2,0,0.0%
861,T.Y. McGill\McGiT.00,LAC,27,,3,0,0,1,1,100.0%,5,5.0,5.0,0,87.5,-4.0,-4,9,0,0,0,0.0,0,2,0,0.0%
862,Bryan Mone\MoneBr00,SEA,24,,4,0,0,0,0,,0,,,0,,,0,0,0,1,0,0.0,1,4,0,0.0%
863,D.J. Moore\MoorD.00,CAR,22,WR,15,15,0,1,0,0.0%,0,,0.0,0,39.6,9.0,0,0,0,0,0,0.0,0,0,0,
864,Carroll Phillips\PhilCa00,WAS,27,,1,0,0,0,0,,0,,,0,,,0,0,0,0,1,0.0,1,0,1,100.0%
865,Anthony Pittman\PittAn01,DET,23,,1,0,0,0,0,,0,,,0,,,0,0,0,0,1,0.0,1,1,0,0.0%
866,Michael Schofield\SchoMi00,LAC,29,G/RG,16,16,0,0,0,,0,,,0,,,0,0,0,1,0,0.0,1,0,0,
867,Deadrin Senat\SenaDe00,ATL,25,,2,0,0,0,0,,0,,,0,,,0,0,0,0,1,0.0,1,0,0,
868,Chris Smith\SmitCh03,CLE,27,,9,0,0,1,1,100.0%,6,6.0,6.0,0,91.7,-3.0,-3,9,0,0,1,0.0,1,1,0,0.0%
869,Gerald Willis\WillGe02,MIA,24,,2,0,0,0,0,,0,,,0,,,0,0,0,1,0,0.0,1,2,0,0.0%